image,method,cid,area_px2,area_m2,time_s
100134548.png,raw,1,460,157.93,0.0009
100134548.png,raw,2,317,108.83,0.0009
100134548.png,remove_small,1,460,157.93,0.0353
100134548.png,remove_small,2,317,108.83,0.0353
100176966.png,raw,1,39,13.39,0.0001
100246415.png,raw,1,437,150.03,0.0001
100246415.png,raw,2,435,149.35,0.0001
100246415.png,remove_small,1,437,150.03,0.0316
100246415.png,remove_small,2,435,149.35,0.0316
100397098.png,raw,1,378,129.78,0.0001
100397098.png,raw,2,272,93.38,0.0001
100397098.png,remove_small,1,378,129.78,0.0306
100397098.png,remove_small,2,272,93.38,0.0306
100548533.png,raw,1,545,187.11,0.0003
100548533.png,remove_small,1,545,187.11,0.0371
1008236043.png,raw,1,757,259.9,0.0002
1008236043.png,raw,2,723,248.22,0.0002
1008236043.png,remove_small,1,757,259.9,0.0386
1008236043.png,remove_small,2,723,248.22,0.0386
1011084708.png,raw,1,614,210.8,0.0002
1011084708.png,raw,2,13,4.46,0.0002
1011084708.png,remove_small,1,614,210.8,0.03
1016436315.png,raw,1,171,58.71,0.0001
1016436315.png,raw,2,196,67.29,0.0001
1016436315.png,raw,3,491,168.57,0.0001
1016436315.png,remove_small,1,171,58.71,0.0271
1016436315.png,remove_small,2,196,67.29,0.0271
1016436315.png,remove_small,3,491,168.57,0.0271
1018790832.png,raw,1,395,135.61,0.0002
1018790832.png,raw,2,466,159.99,0.0002
1018790832.png,remove_small,1,395,135.61,0.0324
1018790832.png,remove_small,2,466,159.99,0.0324
1021530689.png,raw,1,439,150.72,0.0002
1021530689.png,raw,2,574,197.07,0.0002
1021530689.png,remove_small,1,439,150.72,0.0348
1021530689.png,remove_small,2,574,197.07,0.0348
1021637039.png,raw,1,655,224.88,0.0002
1021637039.png,remove_small,1,655,224.88,0.0243
1024536785.png,raw,1,107,36.74,0.0002
1024536785.png,raw,2,1519,521.51,0.0002
1024536785.png,raw,3,1430,490.95,0.0002
1024536785.png,remove_small,1,107,36.74,0.0283
1024536785.png,remove_small,2,1519,521.51,0.0283
1024536785.png,remove_small,3,1430,490.95,0.0283
1025808399.png,raw,1,18,6.18,0.0002
1025808399.png,raw,2,109,37.42,0.0002
1025808399.png,remove_small,1,109,37.42,0.0263
1026123318.png,raw,1,1242,426.41,0.0001
1026123318.png,raw,2,599,205.65,0.0001
1026123318.png,raw,3,597,204.96,0.0001
1026123318.png,raw,4,807,277.06,0.0001
1026123318.png,raw,5,550,188.83,0.0001
1026123318.png,raw,6,63,21.63,0.0001
1026123318.png,raw,7,532,182.65,0.0001
1026123318.png,remove_small,1,1242,426.41,0.0269
1026123318.png,remove_small,2,599,205.65,0.0269
1026123318.png,remove_small,3,597,204.96,0.0269
1026123318.png,remove_small,4,807,277.06,0.0269
1026123318.png,remove_small,5,550,188.83,0.0269
1026123318.png,remove_small,6,532,182.65,0.0269
102743264.png,raw,1,335,115.01,0.0001
102743264.png,raw,2,168,57.68,0.0001
102743264.png,raw,3,509,174.75,0.0001
102743264.png,raw,4,639,219.38,0.0001
102743264.png,raw,5,431,147.97,0.0001
102743264.png,raw,6,650,223.16,0.0001
102743264.png,raw,7,557,191.23,0.0001
102743264.png,remove_small,1,335,115.01,0.0253
102743264.png,remove_small,2,168,57.68,0.0253
102743264.png,remove_small,3,509,174.75,0.0253
102743264.png,remove_small,4,639,219.38,0.0253
102743264.png,remove_small,5,431,147.97,0.0253
102743264.png,remove_small,6,650,223.16,0.0253
102743264.png,remove_small,7,557,191.23,0.0253
1028435399.png,raw,1,140,48.07,0.0001
1028435399.png,remove_small,1,140,48.07,0.0258
102864172.png,raw,1,234,80.34,0.0002
102864172.png,remove_small,1,234,80.34,0.0279
102864180.png,raw,1,530,181.96,0.0001
102864180.png,raw,2,307,105.4,0.0001
102864180.png,remove_small,1,530,181.96,0.0286
102864180.png,remove_small,2,307,105.4,0.0286
102864187.png,raw,1,386,132.52,0.0002
102864187.png,raw,2,185,63.51,0.0002
102864187.png,remove_small,1,386,132.52,0.0275
102864187.png,remove_small,2,185,63.51,0.0275
1030805044.png,raw,1,540,185.39,0.0002
1030805044.png,raw,2,481,165.14,0.0002
1030805044.png,remove_small,1,540,185.39,0.0347
1030805044.png,remove_small,2,481,165.14,0.0347
1031002829.png,raw,1,206,70.72,0.0002
1031002829.png,raw,2,444,152.44,0.0002
1031002829.png,remove_small,1,206,70.72,0.0285
1031002829.png,remove_small,2,444,152.44,0.0285
103336526.png,raw,1,238,81.71,0.0002
103336526.png,raw,2,32,10.99,0.0002
103336526.png,remove_small,1,238,81.71,0.0303
1033636461.png,raw,1,437,150.03,0.0002
1033636461.png,remove_small,1,437,150.03,0.0278
1033705151.png,raw,1,21,7.21,0.0002
1033705151.png,raw,2,18,6.18,0.0002
1034094394.png,raw,1,527,180.93,0.0001
1034094394.png,raw,2,538,184.71,0.0001
1034094394.png,remove_small,1,527,180.93,0.0326
1034094394.png,remove_small,2,538,184.71,0.0326
1034356175.png,raw,1,292,100.25,0.0001
1034356175.png,remove_small,1,292,100.25,0.0334
103737880.png,raw,1,5,1.72,0.0001
1038821599.png,raw,1,633,217.32,0.0001
1038821599.png,raw,2,432,148.32,0.0001
1038821599.png,raw,3,866,297.32,0.0001
1038821599.png,remove_small,1,633,217.32,0.0264
1038821599.png,remove_small,2,432,148.32,0.0264
1038821599.png,remove_small,3,866,297.32,0.0264
103968970.png,raw,1,446,153.12,0.0002
103968970.png,raw,2,126,43.26,0.0002
103968970.png,remove_small,1,446,153.12,0.0276
103968970.png,remove_small,2,126,43.26,0.0276
104048672.png,raw,1,296,101.62,0.0002
104048672.png,raw,2,349,119.82,0.0002
104048672.png,remove_small,1,296,101.62,0.0316
104048672.png,remove_small,2,349,119.82,0.0316
1040551074.png,raw,1,545,187.11,0.0001
1040551074.png,raw,2,294,100.94,0.0001
1040551074.png,raw,3,1113,382.12,0.0001
1040551074.png,remove_small,1,545,187.11,0.0315
1040551074.png,remove_small,2,294,100.94,0.0315
1040551074.png,remove_small,3,1113,382.12,0.0315
104110367.png,raw,1,560,192.26,0.0002
104110367.png,raw,2,498,170.97,0.0002
104110367.png,raw,3,747,256.46,0.0002
104110367.png,raw,4,614,210.8,0.0002
104110367.png,remove_small,1,560,192.26,0.034
104110367.png,remove_small,2,498,170.97,0.034
104110367.png,remove_small,3,747,256.46,0.034
104110367.png,remove_small,4,614,210.8,0.034
104125454.png,raw,1,331,113.64,0.0002
104125454.png,remove_small,1,331,113.64,0.0279
1041732768.png,raw,1,765,262.64,0.0002
1041732768.png,raw,2,7,2.4,0.0002
1041732768.png,remove_small,1,765,262.64,0.0299
104294784.png,raw,1,419,143.85,0.0001
104294784.png,raw,2,64,21.97,0.0001
104294784.png,raw,3,193,66.26,0.0001
104294784.png,raw,4,197,67.63,0.0001
104294784.png,raw,5,344,118.1,0.0001
104294784.png,raw,6,87,29.87,0.0001
104294784.png,remove_small,1,419,143.85,0.0279
104294784.png,remove_small,2,193,66.26,0.0279
104294784.png,remove_small,3,197,67.63,0.0279
104294784.png,remove_small,4,344,118.1,0.0279
104717261.png,raw,1,326,111.92,0.0001
104717261.png,raw,2,340,116.73,0.0001
104717261.png,remove_small,1,326,111.92,0.0277
104717261.png,remove_small,2,340,116.73,0.0277
104810262.png,raw,1,402,138.02,0.0002
104810262.png,remove_small,1,402,138.02,0.0273
104907160.png,raw,1,60,20.6,0.0001
1052067189.png,raw,1,831,285.3,0.0002
1052067189.png,remove_small,1,831,285.3,0.0295
1054532430.png,raw,1,400,137.33,0.0001
1054532430.png,raw,2,779,267.45,0.0001
1054532430.png,raw,3,210,72.1,0.0001
1054532430.png,remove_small,1,400,137.33,0.0308
1054532430.png,remove_small,2,779,267.45,0.0308
1054532430.png,remove_small,3,210,72.1,0.0308
105802359.png,raw,1,394,135.27,0.0002
105802359.png,raw,2,421,144.54,0.0002
105802359.png,remove_small,1,394,135.27,0.0299
105802359.png,remove_small,2,421,144.54,0.0299
1058036270.png,raw,1,468,160.68,0.0001
1058036270.png,raw,2,332,113.98,0.0001
1058036270.png,remove_small,1,468,160.68,0.0278
1058036270.png,remove_small,2,332,113.98,0.0278
106305855.png,raw,1,497,170.63,0.0001
106305855.png,raw,2,485,166.51,0.0001
106305855.png,raw,3,276,94.76,0.0001
106305855.png,remove_small,1,497,170.63,0.0292
106305855.png,remove_small,2,485,166.51,0.0292
106305855.png,remove_small,3,276,94.76,0.0292
10645256.png,raw,1,108,37.08,0.0001
10645256.png,remove_small,1,108,37.08,0.0282
106467575.png,raw,1,371,127.37,0.0001
106467575.png,raw,2,471,161.71,0.0001
106467575.png,remove_small,1,371,127.37,0.0305
106467575.png,remove_small,2,471,161.71,0.0305
106467583.png,raw,1,503,172.69,0.0002
106467583.png,raw,2,245,84.11,0.0002
106467583.png,remove_small,1,503,172.69,0.028
106467583.png,remove_small,2,245,84.11,0.028
106498952.png,raw,1,636,218.35,0.0002
106498952.png,raw,2,586,201.19,0.0002
106498952.png,remove_small,1,636,218.35,0.0293
106498952.png,remove_small,2,586,201.19,0.0293
106549933.png,raw,1,138,47.38,0.0002
106549933.png,raw,2,356,122.22,0.0002
106549933.png,remove_small,1,138,47.38,0.0352
106549933.png,remove_small,2,356,122.22,0.0352
106596215.png,raw,1,206,70.72,0.0001
106596215.png,raw,2,383,131.49,0.0001
106596215.png,remove_small,1,206,70.72,0.0353
106596215.png,remove_small,2,383,131.49,0.0353
1066647207.png,raw,1,243,83.43,0.0001
1066647207.png,raw,2,540,185.39,0.0001
1066647207.png,remove_small,1,243,83.43,0.0301
1066647207.png,remove_small,2,540,185.39,0.0301
106669902.png,raw,1,34,11.67,0.0002
106669902.png,raw,2,487,167.2,0.0002
106669902.png,remove_small,1,487,167.2,0.0451
1068350839.png,raw,1,1685,578.5,0.0001
1068350839.png,raw,2,1530,525.28,0.0001
1068350839.png,remove_small,1,1685,578.5,0.0313
1068350839.png,remove_small,2,1530,525.28,0.0313
1069383917.png,raw,1,665,228.31,0.0001
1069383917.png,remove_small,1,665,228.31,0.0318
106991191.png,raw,1,472,162.05,0.0003
106991191.png,raw,2,18,6.18,0.0003
106991191.png,remove_small,1,472,162.05,0.0312
1071510186.png,raw,1,141,48.41,0.0002
1071510186.png,remove_small,1,141,48.41,0.028
107260119.png,raw,1,105,36.05,0.0002
107260119.png,remove_small,1,105,36.05,0.0289
107360151.png,raw,1,321,110.21,0.0002
107360151.png,raw,2,89,30.56,0.0002
107360151.png,raw,3,6,2.06,0.0002
107360151.png,raw,4,76,26.09,0.0002
107360151.png,remove_small,1,321,110.21,0.029
1073873489.png,raw,1,471,161.71,0.0001
1073873489.png,raw,2,107,36.74,0.0001
1073873489.png,remove_small,1,471,161.71,0.0284
1073873489.png,remove_small,2,107,36.74,0.0284
107794030.png,raw,1,70,24.03,0.0002
107794030.png,raw,2,287,98.53,0.0002
107794030.png,raw,3,311,106.77,0.0002
107794030.png,remove_small,1,287,98.53,0.0295
107794030.png,remove_small,2,311,106.77,0.0295
107899778.png,raw,1,131,44.98,0.0001
107899778.png,raw,2,598,205.31,0.0001
107899778.png,raw,3,535,183.68,0.0001
107899778.png,raw,4,602,206.68,0.0001
107899778.png,remove_small,1,131,44.98,0.0274
107899778.png,remove_small,2,598,205.31,0.0274
107899778.png,remove_small,3,535,183.68,0.0274
107899778.png,remove_small,4,602,206.68,0.0274
108048612.png,raw,1,543,186.42,0.0001
108048612.png,raw,2,122,41.89,0.0001
108048612.png,raw,3,251,86.17,0.0001
108048612.png,remove_small,1,543,186.42,0.0285
108048612.png,remove_small,2,122,41.89,0.0285
108048612.png,remove_small,3,251,86.17,0.0285
108099509.png,raw,1,68,23.35,0.0002
1081302145.png,raw,1,1660,569.92,0.0001
1081302145.png,raw,2,2077,713.08,0.0001
1081302145.png,raw,3,1333,457.65,0.0001
1081302145.png,remove_small,1,1660,569.92,0.0289
1081302145.png,remove_small,2,2077,713.08,0.0289
1081302145.png,remove_small,3,1333,457.65,0.0289
1082050072.png,raw,1,472,162.05,0.0002
1082050072.png,raw,2,526,180.59,0.0002
1082050072.png,remove_small,1,472,162.05,0.0309
1082050072.png,remove_small,2,526,180.59,0.0309
1082454067.png,raw,1,1604,550.69,0.0001
1082454067.png,raw,2,2022,694.2,0.0001
1082454067.png,raw,3,1142,392.07,0.0001
1082454067.png,remove_small,1,1604,550.69,0.0288
1082454067.png,remove_small,2,2022,694.2,0.0288
1082454067.png,remove_small,3,1142,392.07,0.0288
1086444688.png,raw,1,15,5.15,0.0001
1086444688.png,raw,2,133,45.66,0.0001
1086444688.png,remove_small,1,133,45.66,0.0282
1086825107.png,raw,1,1321,453.53,0.0002
1086825107.png,raw,2,292,100.25,0.0002
1086825107.png,raw,3,1405,482.37,0.0002
1086825107.png,raw,4,212,72.78,0.0002
1086825107.png,raw,5,885,303.84,0.0002
1086825107.png,raw,6,76,26.09,0.0002
1086825107.png,remove_small,1,1321,453.53,0.0357
1086825107.png,remove_small,2,292,100.25,0.0357
1086825107.png,remove_small,3,1405,482.37,0.0357
1086825107.png,remove_small,4,212,72.78,0.0357
1086825107.png,remove_small,5,885,303.84,0.0357
1086825108.png,raw,1,973,334.05,0.0001
1086825108.png,raw,2,51,17.51,0.0001
1086825108.png,raw,3,1395,478.94,0.0001
1086825108.png,raw,4,129,44.29,0.0001
1086825108.png,raw,5,1010,346.76,0.0001
1086825108.png,raw,6,51,17.51,0.0001
1086825108.png,raw,7,38,13.05,0.0001
1086825108.png,raw,8,553,189.86,0.0001
1086825108.png,remove_small,1,973,334.05,0.0293
1086825108.png,remove_small,2,1395,478.94,0.0293
1086825108.png,remove_small,3,129,44.29,0.0293
1086825108.png,remove_small,4,1010,346.76,0.0293
1086825108.png,remove_small,5,553,189.86,0.0293
108777904.png,raw,1,400,137.33,0.0001
108777904.png,raw,2,234,80.34,0.0001
108777904.png,remove_small,1,400,137.33,0.029
108777904.png,remove_small,2,234,80.34,0.029
1087820814.png,raw,1,1676,575.41,0.0001
1087820814.png,raw,2,1859,638.24,0.0001
1087820814.png,raw,3,1073,368.39,0.0001
1087820814.png,remove_small,1,1676,575.41,0.0323
1087820814.png,remove_small,2,1859,638.24,0.0323
1087820814.png,remove_small,3,1073,368.39,0.0323
108797675.png,raw,1,948,325.47,0.0001
108797675.png,raw,2,842,289.08,0.0001
108797675.png,remove_small,1,948,325.47,0.0279
108797675.png,remove_small,2,842,289.08,0.0279
1088931149.png,raw,1,14,4.81,0.0001
1088931149.png,raw,2,53,18.2,0.0001
1088931149.png,raw,3,1,0.34,0.0001
1088931149.png,raw,4,499,171.32,0.0001
1088931149.png,remove_small,1,499,171.32,0.0384
1088964665.png,raw,1,81,27.81,0.0001
1088964665.png,raw,2,364,124.97,0.0001
1088964665.png,raw,3,326,111.92,0.0001
1088964665.png,remove_small,1,364,124.97,0.0291
1088964665.png,remove_small,2,326,111.92,0.0291
1089568373.png,raw,1,86,29.53,0.0002
1089568373.png,raw,2,2672,917.36,0.0002
1089568373.png,remove_small,1,2672,917.36,0.033
1089568376.png,raw,1,973,334.05,0.0002
1089568376.png,raw,2,1482,508.8,0.0002
1089568376.png,raw,3,550,188.83,0.0002
1089568376.png,remove_small,1,973,334.05,0.03
1089568376.png,remove_small,2,1482,508.8,0.03
1089568376.png,remove_small,3,550,188.83,0.03
1089645672.png,raw,1,423,145.23,0.0002
1089645672.png,remove_small,1,423,145.23,0.0322
1091984573.png,raw,1,22,7.55,0.0002
109402037.png,raw,1,573,196.72,0.0001
109402037.png,raw,2,547,187.8,0.0001
109402037.png,remove_small,1,573,196.72,0.0321
109402037.png,remove_small,2,547,187.8,0.0321
1095515420.png,raw,1,2045,702.1,0.0002
1095515420.png,raw,2,1397,479.62,0.0002
1095515420.png,raw,3,1862,639.27,0.0002
1095515420.png,remove_small,1,2045,702.1,0.0317
1095515420.png,remove_small,2,1397,479.62,0.0317
1095515420.png,remove_small,3,1862,639.27,0.0317
109555822.png,raw,1,1098,376.97,0.0002
109555822.png,remove_small,1,1098,376.97,0.0269
109696878.png,raw,1,267,91.67,0.0002
109696878.png,remove_small,1,267,91.67,0.0275
109790819.png,raw,1,526,180.59,0.0002
109790819.png,raw,2,404,138.7,0.0002
109790819.png,remove_small,1,526,180.59,0.0286
109790819.png,remove_small,2,404,138.7,0.0286
1098343267.png,raw,1,911,312.77,0.0003
1098343267.png,raw,2,324,111.24,0.0003
1098343267.png,remove_small,1,911,312.77,0.0331
1098343267.png,remove_small,2,324,111.24,0.0331
109856421.png,raw,1,456,156.56,0.0002
109856421.png,raw,2,588,201.87,0.0002
109856421.png,raw,3,559,191.92,0.0002
109856421.png,remove_small,1,456,156.56,0.0328
109856421.png,remove_small,2,588,201.87,0.0328
109856421.png,remove_small,3,559,191.92,0.0328
109917397.png,raw,1,1182,405.81,0.0001
109917397.png,remove_small,1,1182,405.81,0.032
1104918866.png,raw,1,413,141.79,0.0002
1104918866.png,raw,2,509,174.75,0.0002
1104918866.png,remove_small,1,413,141.79,0.0397
1104918866.png,remove_small,2,509,174.75,0.0397
1107961833.png,raw,1,432,148.32,0.0001
1107961833.png,raw,2,1288,442.2,0.0001
1107961833.png,raw,3,136,46.69,0.0001
1107961833.png,raw,4,262,89.95,0.0001
1107961833.png,raw,5,124,42.57,0.0001
1107961833.png,raw,6,156,53.56,0.0001
1107961833.png,raw,7,471,161.71,0.0001
1107961833.png,remove_small,1,432,148.32,0.0281
1107961833.png,remove_small,2,1288,442.2,0.0281
1107961833.png,remove_small,3,136,46.69,0.0281
1107961833.png,remove_small,4,262,89.95,0.0281
1107961833.png,remove_small,5,124,42.57,0.0281
1107961833.png,remove_small,6,156,53.56,0.0281
1107961833.png,remove_small,7,471,161.71,0.0281
110864083.png,raw,1,84,28.84,0.0001
110893957.png,raw,1,384,131.84,0.0001
110893957.png,raw,2,368,126.34,0.0001
110893957.png,remove_small,1,384,131.84,0.0336
110893957.png,remove_small,2,368,126.34,0.0336
1112298161.png,raw,1,369,126.69,0.0001
1112298161.png,remove_small,1,369,126.69,0.0266
111516290.png,raw,1,434,149.0,0.0002
111516290.png,remove_small,1,434,149.0,0.0286
1117535129.png,raw,1,1687,579.19,0.0002
1117535129.png,raw,2,2648,909.12,0.0002
1117535129.png,raw,3,2715,932.12,0.0002
1117535129.png,raw,4,2431,834.62,0.0002
1117535129.png,raw,5,2444,839.08,0.0002
1117535129.png,raw,6,1358,466.23,0.0002
1117535129.png,remove_small,1,1687,579.19,0.0301
1117535129.png,remove_small,2,2648,909.12,0.0301
1117535129.png,remove_small,3,2715,932.12,0.0301
1117535129.png,remove_small,4,2431,834.62,0.0301
1117535129.png,remove_small,5,2444,839.08,0.0301
1117535129.png,remove_small,6,1358,466.23,0.0301
1117651047.png,raw,1,324,111.24,0.0001
1117651047.png,remove_small,1,324,111.24,0.0302
111951593.png,raw,1,640,219.73,0.0001
111951593.png,remove_small,1,640,219.73,0.0264
111951598.png,raw,1,17,5.84,0.0003
111973179.png,raw,1,68,23.35,0.0002
111973179.png,raw,2,455,156.21,0.0002
111973179.png,raw,3,836,287.02,0.0002
111973179.png,raw,4,586,201.19,0.0002
111973179.png,raw,5,1107,380.06,0.0002
111973179.png,remove_small,1,455,156.21,0.0275
111973179.png,remove_small,2,836,287.02,0.0275
111973179.png,remove_small,3,586,201.19,0.0275
111973179.png,remove_small,4,1107,380.06,0.0275
1119858941.png,raw,1,2628,902.25,0.0001
1119858941.png,remove_small,1,2628,902.25,0.0275
1120522031.png,raw,1,703,241.36,0.0001
1120522031.png,remove_small,1,703,241.36,0.0292
112442157.png,raw,1,567,194.66,0.0002
112442157.png,raw,2,677,232.43,0.0002
112442157.png,remove_small,1,567,194.66,0.0265
112442157.png,remove_small,2,677,232.43,0.0265
1128250704.png,raw,1,1065,365.64,0.0001
1128250704.png,raw,2,1156,396.88,0.0001
1128250704.png,raw,3,863,296.29,0.0001
1128250704.png,raw,4,846,290.45,0.0001
1128250704.png,remove_small,1,1065,365.64,0.0347
1128250704.png,remove_small,2,1156,396.88,0.0347
1128250704.png,remove_small,3,863,296.29,0.0347
1128250704.png,remove_small,4,846,290.45,0.0347
1128250706.png,raw,1,241,82.74,0.0001
1128250706.png,raw,2,481,165.14,0.0001
1128250706.png,raw,3,724,248.57,0.0001
1128250706.png,remove_small,1,241,82.74,0.0313
1128250706.png,remove_small,2,481,165.14,0.0313
1128250706.png,remove_small,3,724,248.57,0.0313
1128250707.png,raw,1,1799,617.64,0.0001
1128250707.png,raw,2,2605,894.36,0.0001
1128250707.png,remove_small,1,1799,617.64,0.0285
1128250707.png,remove_small,2,2605,894.36,0.0285
113047581.png,raw,1,752,258.18,0.0001
113047581.png,remove_small,1,752,258.18,0.0288
113248409.png,raw,1,1211,415.76,0.0002
113248409.png,remove_small,1,1211,415.76,0.0259
113338653.png,raw,1,166,56.99,0.0002
113338653.png,raw,2,232,79.65,0.0002
113338653.png,remove_small,1,166,56.99,0.026
113338653.png,remove_small,2,232,79.65,0.026
113546939.png,raw,1,53,18.2,0.0001
113546939.png,raw,2,1284,440.83,0.0001
113546939.png,raw,3,1506,517.04,0.0001
113546939.png,remove_small,1,1284,440.83,0.0287
113546939.png,remove_small,2,1506,517.04,0.0287
114081453.png,raw,1,440,151.06,0.0002
114081453.png,raw,2,724,248.57,0.0002
114081453.png,raw,3,370,127.03,0.0002
114081453.png,remove_small,1,440,151.06,0.0297
114081453.png,remove_small,2,724,248.57,0.0297
114081453.png,remove_small,3,370,127.03,0.0297
114319248.png,raw,1,1626,558.24,0.0002
114319248.png,raw,2,1340,460.05,0.0002
114319248.png,remove_small,1,1626,558.24,0.0271
114319248.png,remove_small,2,1340,460.05,0.0271
114321725.png,raw,1,505,173.38,0.0002
114321725.png,remove_small,1,505,173.38,0.027
114364871.png,raw,1,365,125.31,0.0002
114364871.png,remove_small,1,365,125.31,0.0266
114389453.png,raw,1,335,115.01,0.0002
114389453.png,raw,2,331,113.64,0.0002
114389453.png,remove_small,1,335,115.01,0.0263
114389453.png,remove_small,2,331,113.64,0.0263
114389456.png,raw,1,490,168.23,0.0002
114389456.png,remove_small,1,490,168.23,0.0264
114697080.png,raw,1,18,6.18,0.0003
114697080.png,raw,2,607,208.4,0.0003
114697080.png,remove_small,1,607,208.4,0.0278
114790941.png,raw,1,133,45.66,0.0002
114790941.png,raw,2,413,141.79,0.0002
114790941.png,remove_small,1,133,45.66,0.0306
114790941.png,remove_small,2,413,141.79,0.0306
1153340386.png,raw,1,457,156.9,0.0002
1153340386.png,remove_small,1,457,156.9,0.0379
115395879.png,raw,1,533,182.99,0.0002
115395879.png,remove_small,1,533,182.99,0.032
115721651.png,raw,1,347,119.13,0.0003
115721651.png,raw,2,200,68.66,0.0003
115721651.png,raw,3,311,106.77,0.0003
115721651.png,raw,4,29,9.96,0.0003
115721651.png,raw,5,133,45.66,0.0003
115721651.png,remove_small,1,347,119.13,0.0286
115721651.png,remove_small,2,200,68.66,0.0286
115721651.png,remove_small,3,311,106.77,0.0286
115721651.png,remove_small,4,133,45.66,0.0286
116024069.png,raw,1,230,78.96,0.0002
116024069.png,raw,2,26,8.93,0.0002
116024069.png,raw,3,525,180.24,0.0002
116024069.png,remove_small,1,230,78.96,0.0284
116024069.png,remove_small,2,525,180.24,0.0284
116066366.png,raw,1,309,106.09,0.0002
116066366.png,remove_small,1,309,106.09,0.0271
116260544.png,raw,1,221,75.87,0.0002
116260544.png,raw,2,628,215.61,0.0002
116260544.png,remove_small,1,221,75.87,0.0273
116260544.png,remove_small,2,628,215.61,0.0273
116395824.png,raw,1,400,137.33,0.0002
116395824.png,raw,2,382,131.15,0.0002
116395824.png,remove_small,1,400,137.33,0.0361
116395824.png,remove_small,2,382,131.15,0.0361
116613615.png,raw,1,298,102.31,0.0002
116613615.png,raw,2,182,62.48,0.0002
116613615.png,remove_small,1,298,102.31,0.0265
116613615.png,remove_small,2,182,62.48,0.0265
116662430.png,raw,1,450,154.5,0.0001
116662430.png,raw,2,567,194.66,0.0001
116662430.png,remove_small,1,450,154.5,0.03
116662430.png,remove_small,2,567,194.66,0.03
1171282349.png,raw,1,682,234.15,0.0002
1171282349.png,remove_small,1,682,234.15,0.0259
117867785.png,raw,1,1349,463.14,0.0002
117867785.png,remove_small,1,1349,463.14,0.0295
1180381669.png,raw,1,553,189.86,0.0003
1180381669.png,raw,2,484,166.17,0.0003
1180381669.png,remove_small,1,553,189.86,0.0272
1180381669.png,remove_small,2,484,166.17,0.0272
1182773737.png,raw,1,492,168.91,0.0002
1182773737.png,raw,2,1786,613.17,0.0002
1182773737.png,raw,3,665,228.31,0.0002
1182773737.png,remove_small,1,492,168.91,0.0275
1182773737.png,remove_small,2,1786,613.17,0.0275
1182773737.png,remove_small,3,665,228.31,0.0275
118923750.png,raw,1,611,209.77,0.0001
118923750.png,raw,2,643,220.76,0.0001
118923750.png,remove_small,1,611,209.77,0.0267
118923750.png,remove_small,2,643,220.76,0.0267
119495715.png,raw,1,361,123.94,0.0002
119495715.png,raw,2,179,61.45,0.0002
119495715.png,remove_small,1,361,123.94,0.0288
119495715.png,remove_small,2,179,61.45,0.0288
119522657.png,raw,1,487,167.2,0.0002
119522657.png,remove_small,1,487,167.2,0.03
119522664.png,raw,1,5,1.72,0.0002
119560027.png,raw,1,656,225.22,0.0002
119560027.png,remove_small,1,656,225.22,0.0268
1198064731.png,raw,1,466,159.99,0.0002
1198064731.png,remove_small,1,466,159.99,0.0262
1198203065.png,raw,1,1161,398.6,0.0001
1198203065.png,remove_small,1,1161,398.6,0.0263
120078101.png,raw,1,443,152.09,0.0001
120078101.png,remove_small,1,443,152.09,0.0266
1201114029.png,raw,1,554,190.2,0.0001
1201114029.png,remove_small,1,554,190.2,0.0268
120133611.png,raw,1,444,152.44,0.0001
120133611.png,remove_small,1,444,152.44,0.0259
1203075338.png,raw,1,124,42.57,0.0002
1203075338.png,remove_small,1,124,42.57,0.0301
1203446036.png,raw,1,521,178.87,0.0002
1203446036.png,remove_small,1,521,178.87,0.0315
120678988.png,raw,1,214,73.47,0.0002
120678988.png,raw,2,241,82.74,0.0002
120678988.png,remove_small,1,214,73.47,0.0276
120678988.png,remove_small,2,241,82.74,0.0276
120716543.png,raw,1,131,44.98,0.0002
120716543.png,remove_small,1,131,44.98,0.0283
1210319903.png,raw,1,425,145.91,0.0001
1210319903.png,remove_small,1,425,145.91,0.0269
121199248.png,raw,1,228,78.28,0.0001
121199248.png,raw,2,509,174.75,0.0001
121199248.png,remove_small,1,228,78.28,0.0267
121199248.png,remove_small,2,509,174.75,0.0267
1212713849.png,raw,1,141,48.41,0.0002
1212713849.png,raw,2,1056,362.55,0.0002
1212713849.png,raw,3,1069,367.01,0.0002
1212713849.png,remove_small,1,141,48.41,0.0267
1212713849.png,remove_small,2,1056,362.55,0.0267
1212713849.png,remove_small,3,1069,367.01,0.0267
1213829444.png,raw,1,487,167.2,0.0003
1213829444.png,remove_small,1,487,167.2,0.0268
1214711778.png,raw,1,830,284.96,0.0002
1214711778.png,remove_small,1,830,284.96,0.0261
1218860687.png,raw,1,1027,352.59,0.0002
1218860687.png,raw,2,1017,349.16,0.0002
1218860687.png,remove_small,1,1027,352.59,0.0284
1218860687.png,remove_small,2,1017,349.16,0.0284
1220290207.png,raw,1,270,92.7,0.0002
1220290207.png,remove_small,1,270,92.7,0.0274
1225807238.png,raw,1,109,37.42,0.0003
1225807238.png,raw,2,116,39.83,0.0003
1225807238.png,remove_small,1,109,37.42,0.026
1225807238.png,remove_small,2,116,39.83,0.026
1227027847.png,raw,1,227,77.93,0.0002
1227027847.png,remove_small,1,227,77.93,0.0261
1227141890.png,raw,1,335,115.01,0.0001
1227141890.png,remove_small,1,335,115.01,0.0269
1229911423.png,raw,1,489,167.88,0.0003
1229911423.png,remove_small,1,489,167.88,0.0297
1230854918.png,raw,1,583,200.16,0.0003
1230854918.png,raw,2,687,235.86,0.0003
1230854918.png,remove_small,1,583,200.16,0.0283
1230854918.png,remove_small,2,687,235.86,0.0283
1231365830.png,raw,1,144,49.44,0.0002
1231365830.png,remove_small,1,144,49.44,0.0273
1231580334.png,raw,1,994,341.26,0.0002
1231580334.png,remove_small,1,994,341.26,0.0299
1235809480.png,raw,1,43,14.76,0.0002
1235809480.png,raw,2,396,135.96,0.0002
1235809480.png,raw,3,429,147.29,0.0002
1235809480.png,remove_small,1,396,135.96,0.0269
1235809480.png,remove_small,2,429,147.29,0.0269
1235809486.png,raw,1,426,146.26,0.0002
1235809486.png,raw,2,458,157.24,0.0002
1235809486.png,raw,3,397,136.3,0.0002
1235809486.png,remove_small,1,426,146.26,0.0276
1235809486.png,remove_small,2,458,157.24,0.0276
1235809486.png,remove_small,3,397,136.3,0.0276
1237533488.png,raw,1,613,210.46,0.0002
1237533488.png,remove_small,1,613,210.46,0.0266
124387412.png,raw,1,526,180.59,0.0001
124387412.png,raw,2,372,127.72,0.0001
124387412.png,remove_small,1,526,180.59,0.0267
124387412.png,remove_small,2,372,127.72,0.0267
1245826064.png,raw,1,537,184.36,0.0001
1245826064.png,remove_small,1,537,184.36,0.0275
1245867884.png,raw,1,913,313.45,0.0002
1245867884.png,remove_small,1,913,313.45,0.0283
1246071036.png,raw,1,1317,452.16,0.0001
1246071036.png,remove_small,1,1317,452.16,0.0283
1247013539.png,raw,1,200,68.66,0.0002
1247013539.png,raw,2,538,184.71,0.0002
1247013539.png,raw,3,366,125.66,0.0002
1247013539.png,raw,4,531,182.3,0.0002
1247013539.png,remove_small,1,200,68.66,0.0299
1247013539.png,remove_small,2,538,184.71,0.0299
1247013539.png,remove_small,3,366,125.66,0.0299
1247013539.png,remove_small,4,531,182.3,0.0299
1247449316.png,raw,1,372,127.72,0.0002
1247449316.png,remove_small,1,372,127.72,0.0297
1256902950.png,raw,1,1214,416.79,0.0001
1256902950.png,raw,2,876,300.75,0.0001
1256902950.png,remove_small,1,1214,416.79,0.0265
1256902950.png,remove_small,2,876,300.75,0.0265
1257356890.png,raw,1,464,159.3,0.0001
1257356890.png,remove_small,1,464,159.3,0.0275
1262342526.png,raw,1,750,257.49,0.0002
1262342526.png,remove_small,1,750,257.49,0.0324
1271099662.png,raw,1,773,265.39,0.0002
1271099662.png,remove_small,1,773,265.39,0.0276
1271471803.png,raw,1,2006,688.71,0.0001
1271471803.png,raw,2,1911,656.09,0.0001
1271471803.png,remove_small,1,2006,688.71,0.0292
1271471803.png,remove_small,2,1911,656.09,0.0292
127187905.png,raw,1,5,1.72,0.0002
127564668.png,raw,1,441,151.41,0.0002
127564668.png,remove_small,1,441,151.41,0.0263
127574782.png,raw,1,453,155.53,0.0001
127574782.png,raw,2,30,10.3,0.0001
127574782.png,remove_small,1,453,155.53,0.0275
127604371.png,raw,1,47,16.14,0.0002
127669759.png,raw,1,481,165.14,0.0002
127669759.png,raw,2,94,32.27,0.0002
127669759.png,remove_small,1,481,165.14,0.0274
127669760.png,raw,1,330,113.3,0.0002
127669760.png,raw,2,727,249.6,0.0002
127669760.png,remove_small,1,330,113.3,0.0268
127669760.png,remove_small,2,727,249.6,0.0268
127983374.png,raw,1,65,22.32,0.0001
1280178908.png,raw,1,2227,764.58,0.0001
1280178908.png,raw,2,2433,835.3,0.0001
1280178908.png,remove_small,1,2227,764.58,0.0263
1280178908.png,remove_small,2,2433,835.3,0.0263
1280178909.png,raw,1,1522,522.54,0.0001
1280178909.png,raw,2,2573,883.37,0.0001
1280178909.png,raw,3,2313,794.11,0.0001
1280178909.png,raw,4,2867,984.31,0.0001
1280178909.png,raw,5,2638,905.69,0.0001
1280178909.png,remove_small,1,1522,522.54,0.0276
1280178909.png,remove_small,2,2573,883.37,0.0276
1280178909.png,remove_small,3,2313,794.11,0.0276
1280178909.png,remove_small,4,2867,984.31,0.0276
1280178909.png,remove_small,5,2638,905.69,0.0276
1280178911.png,raw,1,534,183.33,0.0001
1280178911.png,raw,2,710,243.76,0.0001
1280178911.png,raw,3,697,239.3,0.0001
1280178911.png,raw,4,2414,828.78,0.0001
1280178911.png,raw,5,2365,811.96,0.0001
1280178911.png,raw,6,2686,922.16,0.0001
1280178911.png,raw,7,2509,861.4,0.0001
1280178911.png,remove_small,1,534,183.33,0.0333
1280178911.png,remove_small,2,710,243.76,0.0333
1280178911.png,remove_small,3,697,239.3,0.0333
1280178911.png,remove_small,4,2414,828.78,0.0333
1280178911.png,remove_small,5,2365,811.96,0.0333
1280178911.png,remove_small,6,2686,922.16,0.0333
1280178911.png,remove_small,7,2509,861.4,0.0333
1280347702.png,raw,1,244,83.77,0.0001
1280347702.png,raw,2,649,222.82,0.0001
1280347702.png,raw,3,1474,506.06,0.0001
1280347702.png,remove_small,1,244,83.77,0.0274
1280347702.png,remove_small,2,649,222.82,0.0274
1280347702.png,remove_small,3,1474,506.06,0.0274
1280359168.png,raw,1,1803,619.01,0.0001
1280359168.png,raw,2,2322,797.2,0.0001
1280359168.png,remove_small,1,1803,619.01,0.0274
1280359168.png,remove_small,2,2322,797.2,0.0274
1280364401.png,raw,1,762,261.61,0.0001
1280364401.png,raw,2,950,326.16,0.0001
1280364401.png,raw,3,425,145.91,0.0001
1280364401.png,remove_small,1,762,261.61,0.0273
1280364401.png,remove_small,2,950,326.16,0.0273
1280364401.png,remove_small,3,425,145.91,0.0273
1280364402.png,raw,1,492,168.91,0.0002
1280364402.png,raw,2,408,140.08,0.0002
1280364402.png,remove_small,1,492,168.91,0.0268
1280364402.png,remove_small,2,408,140.08,0.0268
1280364403.png,raw,1,10,3.43,0.0001
1280364403.png,raw,2,1,0.34,0.0001
1280364403.png,raw,3,495,169.94,0.0001
1280364403.png,raw,4,29,9.96,0.0001
1280364403.png,remove_small,1,495,169.94,0.0267
1280840208.png,raw,1,1971,676.69,0.0001
1280840208.png,raw,2,1920,659.18,0.0001
1280840208.png,raw,3,1588,545.2,0.0001
1280840208.png,raw,4,1920,659.18,0.0001
1280840208.png,raw,5,52,17.85,0.0001
1280840208.png,remove_small,1,1971,676.69,0.0265
1280840208.png,remove_small,2,1920,659.18,0.0265
1280840208.png,remove_small,3,1588,545.2,0.0265
1280840208.png,remove_small,4,1920,659.18,0.0265
1280840211.png,raw,1,4953,1700.48,0.0003
1280840211.png,raw,2,111,38.11,0.0003
1280840211.png,raw,3,1623,557.21,0.0003
1280840211.png,remove_small,1,4953,1700.48,0.0262
1280840211.png,remove_small,2,111,38.11,0.0262
1280840211.png,remove_small,3,1623,557.21,0.0262
1280840212.png,raw,1,4783,1642.11,0.0002
1280840212.png,remove_small,1,4783,1642.11,0.0253
1280843651.png,raw,1,135,46.35,0.0002
1280843651.png,raw,2,2407,826.38,0.0002
1280843651.png,raw,3,2591,889.55,0.0002
1280843651.png,raw,4,2046,702.44,0.0002
1280843651.png,raw,5,2078,713.42,0.0002
1280843651.png,raw,6,2264,777.28,0.0002
1280843651.png,raw,7,2182,749.13,0.0002
1280843651.png,remove_small,1,135,46.35,0.0258
1280843651.png,remove_small,2,2407,826.38,0.0258
1280843651.png,remove_small,3,2591,889.55,0.0258
1280843651.png,remove_small,4,2046,702.44,0.0258
1280843651.png,remove_small,5,2078,713.42,0.0258
1280843651.png,remove_small,6,2264,777.28,0.0258
1280843651.png,remove_small,7,2182,749.13,0.0258
1280843652.png,raw,1,83,28.5,0.0001
1280843652.png,raw,2,2232,766.3,0.0001
1280843652.png,raw,3,2436,836.33,0.0001
1280843652.png,raw,4,2465,846.29,0.0001
1280843652.png,remove_small,1,2232,766.3,0.0262
1280843652.png,remove_small,2,2436,836.33,0.0262
1280843652.png,remove_small,3,2465,846.29,0.0262
12824786.png,raw,1,481,165.14,0.0002
12824786.png,raw,2,595,204.28,0.0002
12824786.png,raw,3,574,197.07,0.0002
12824786.png,remove_small,1,481,165.14,0.0317
12824786.png,remove_small,2,595,204.28,0.0317
12824786.png,remove_small,3,574,197.07,0.0317
128277645.png,raw,1,991,340.23,0.0002
128277645.png,raw,2,53,18.2,0.0002
128277645.png,raw,3,1230,422.29,0.0002
128277645.png,raw,4,133,45.66,0.0002
128277645.png,raw,5,1027,352.59,0.0002
128277645.png,raw,6,72,24.72,0.0002
128277645.png,raw,7,40,13.73,0.0002
128277645.png,raw,8,106,36.39,0.0002
128277645.png,raw,9,368,126.34,0.0002
128277645.png,raw,10,164,56.3,0.0002
128277645.png,raw,11,356,122.22,0.0002
128277645.png,remove_small,1,991,340.23,0.0276
128277645.png,remove_small,2,1230,422.29,0.0276
128277645.png,remove_small,3,133,45.66,0.0276
128277645.png,remove_small,4,1027,352.59,0.0276
128277645.png,remove_small,5,106,36.39,0.0276
128277645.png,remove_small,6,368,126.34,0.0276
128277645.png,remove_small,7,164,56.3,0.0276
128277645.png,remove_small,8,356,122.22,0.0276
128636966.png,raw,1,371,127.37,0.0002
128636966.png,remove_small,1,371,127.37,0.027
1287205765.png,raw,1,494,169.6,0.0001
1287205765.png,remove_small,1,494,169.6,0.0266
1287319484.png,raw,1,535,183.68,0.0001
1287319484.png,raw,2,254,87.2,0.0001
1287319484.png,remove_small,1,535,183.68,0.0273
1287319484.png,remove_small,2,254,87.2,0.0273
1288872982.png,raw,1,1531,525.63,0.0002
1288872982.png,raw,2,1107,380.06,0.0002
1288872982.png,remove_small,1,1531,525.63,0.0272
1288872982.png,remove_small,2,1107,380.06,0.0272
1288872983.png,raw,1,1847,634.12,0.0001
1288872983.png,raw,2,123,42.23,0.0001
1288872983.png,raw,3,2,0.69,0.0001
1288872983.png,raw,4,989,339.55,0.0001
1288872983.png,raw,5,85,29.18,0.0001
1288872983.png,remove_small,1,1847,634.12,0.0266
1288872983.png,remove_small,2,123,42.23,0.0266
1288872983.png,remove_small,3,989,339.55,0.0266
1291998164.png,raw,1,351,120.51,0.0002
1291998164.png,remove_small,1,351,120.51,0.0263
1297657156.png,raw,1,59,20.26,0.0002
129933868.png,raw,1,424,145.57,0.0002
129933868.png,remove_small,1,424,145.57,0.0261
1302896257.png,raw,1,1287,441.86,0.0001
1302896257.png,raw,2,785,269.51,0.0001
1302896257.png,raw,3,491,168.57,0.0001
1302896257.png,raw,4,335,115.01,0.0001
1302896257.png,remove_small,1,1287,441.86,0.0272
1302896257.png,remove_small,2,785,269.51,0.0272
1302896257.png,remove_small,3,491,168.57,0.0272
1302896257.png,remove_small,4,335,115.01,0.0272
1304435085.png,raw,1,498,170.97,0.0001
1304435085.png,raw,2,319,109.52,0.0001
1304435085.png,remove_small,1,498,170.97,0.0259
1304435085.png,remove_small,2,319,109.52,0.0259
130794504.png,raw,1,798,273.97,0.0002
130794504.png,raw,2,860,295.26,0.0002
130794504.png,raw,3,603,207.02,0.0002
130794504.png,raw,4,595,204.28,0.0002
130794504.png,remove_small,1,798,273.97,0.0266
130794504.png,remove_small,2,860,295.26,0.0266
130794504.png,remove_small,3,603,207.02,0.0266
130794504.png,remove_small,4,595,204.28,0.0266
1327333163.png,raw,1,1186,407.18,0.0001
1327333163.png,raw,2,1344,461.43,0.0001
1327333163.png,raw,3,639,219.38,0.0001
1327333163.png,raw,4,859,294.91,0.0001
1327333163.png,raw,5,1117,383.49,0.0001
1327333163.png,remove_small,1,1186,407.18,0.0269
1327333163.png,remove_small,2,1344,461.43,0.0269
1327333163.png,remove_small,3,639,219.38,0.0269
1327333163.png,remove_small,4,859,294.91,0.0269
1327333163.png,remove_small,5,1117,383.49,0.0269
1327333164.png,raw,1,1144,392.76,0.0001
1327333164.png,raw,2,1242,426.41,0.0001
1327333164.png,raw,3,26,8.93,0.0001
1327333164.png,raw,4,1158,397.57,0.0001
1327333164.png,raw,5,111,38.11,0.0001
1327333164.png,raw,6,920,315.86,0.0001
1327333164.png,remove_small,1,1144,392.76,0.0264
1327333164.png,remove_small,2,1242,426.41,0.0264
1327333164.png,remove_small,3,1158,397.57,0.0264
1327333164.png,remove_small,4,111,38.11,0.0264
1327333164.png,remove_small,5,920,315.86,0.0264
132821147.png,raw,1,108,37.08,0.0001
132821147.png,raw,2,286,98.19,0.0001
132821147.png,remove_small,1,108,37.08,0.0267
132821147.png,remove_small,2,286,98.19,0.0267
133062598.png,raw,1,472,162.05,0.0002
133062598.png,raw,2,324,111.24,0.0002
133062598.png,remove_small,1,472,162.05,0.0298
133062598.png,remove_small,2,324,111.24,0.0298
133164641.png,raw,1,320,109.86,0.0002
133164641.png,raw,2,414,142.14,0.0002
133164641.png,remove_small,1,320,109.86,0.0294
133164641.png,remove_small,2,414,142.14,0.0294
133170216.png,raw,1,128,43.95,0.0001
133170216.png,remove_small,1,128,43.95,0.0295
133181689.png,raw,1,387,132.87,0.0002
133181689.png,raw,2,390,133.9,0.0002
133181689.png,remove_small,1,387,132.87,0.031
133181689.png,remove_small,2,390,133.9,0.031
133194076.png,raw,1,143,49.1,0.0001
133194076.png,raw,2,281,96.47,0.0001
133194076.png,remove_small,1,143,49.1,0.0267
133194076.png,remove_small,2,281,96.47,0.0267
133219535.png,raw,1,307,105.4,0.0001
133219535.png,raw,2,376,129.09,0.0001
133219535.png,remove_small,1,307,105.4,0.0276
133219535.png,remove_small,2,376,129.09,0.0276
133328022.png,raw,1,586,201.19,0.0001
133328022.png,raw,2,660,226.59,0.0001
133328022.png,remove_small,1,586,201.19,0.0271
133328022.png,remove_small,2,660,226.59,0.0271
133342285.png,raw,1,938,322.04,0.0001
133342285.png,remove_small,1,938,322.04,0.026
133349218.png,raw,1,1150,394.82,0.0001
133349218.png,raw,2,667,229.0,0.0001
133349218.png,remove_small,1,1150,394.82,0.0261
133349218.png,remove_small,2,667,229.0,0.0261
133478228.png,raw,1,520,178.53,0.0002
133478228.png,remove_small,1,520,178.53,0.0258
133722567.png,raw,1,646,221.79,0.0001
133722567.png,raw,2,436,149.69,0.0001
133722567.png,raw,3,358,122.91,0.0001
133722567.png,remove_small,1,646,221.79,0.0266
133722567.png,remove_small,2,436,149.69,0.0266
133722567.png,remove_small,3,358,122.91,0.0266
133781614.png,raw,1,296,101.62,0.0001
133781614.png,raw,2,363,124.63,0.0001
133781614.png,raw,3,568,195.01,0.0001
133781614.png,remove_small,1,296,101.62,0.0288
133781614.png,remove_small,2,363,124.63,0.0288
133781614.png,remove_small,3,568,195.01,0.0288
134370142.png,raw,1,116,39.83,0.0002
134370142.png,remove_small,1,116,39.83,0.0261
134406268.png,raw,1,3,1.03,0.0003
134406268.png,raw,2,49,16.82,0.0003
134406346.png,raw,1,30,10.3,0.0002
134431184.png,raw,1,437,150.03,0.0002
134431184.png,raw,2,333,114.33,0.0002
134431184.png,raw,3,401,137.67,0.0002
134431184.png,remove_small,1,437,150.03,0.0265
134431184.png,remove_small,2,333,114.33,0.0265
134431184.png,remove_small,3,401,137.67,0.0265
134446294.png,raw,1,319,109.52,0.0002
134446294.png,raw,2,534,183.33,0.0002
134446294.png,remove_small,1,319,109.52,0.0275
134446294.png,remove_small,2,534,183.33,0.0275
1347413791.png,raw,1,512,175.78,0.0001
1347413791.png,raw,2,1424,488.89,0.0001
1347413791.png,raw,3,2173,746.04,0.0001
1347413791.png,remove_small,1,512,175.78,0.0261
1347413791.png,remove_small,2,1424,488.89,0.0261
1347413791.png,remove_small,3,2173,746.04,0.0261
134769209.png,raw,1,245,84.11,0.0001
134769209.png,raw,2,3,1.03,0.0001
134769209.png,remove_small,1,245,84.11,0.0263
134787596.png,raw,1,103,35.36,0.0002
134787596.png,remove_small,1,103,35.36,0.027
1349618334.png,raw,1,728,249.94,0.0001
1349618334.png,remove_small,1,728,249.94,0.0278
1359533106.png,raw,1,1217,417.82,0.0002
1359533106.png,raw,2,126,43.26,0.0002
1359533106.png,remove_small,1,1217,417.82,0.0275
1359533106.png,remove_small,2,126,43.26,0.0275
136034396.png,raw,1,1,0.34,0.0002
136034396.png,raw,2,684,234.83,0.0002
136034396.png,remove_small,1,684,234.83,0.0274
136180850.png,raw,1,53,18.2,0.0002
136180850.png,raw,2,193,66.26,0.0002
136180850.png,remove_small,1,193,66.26,0.0261
1362821818.png,raw,1,52,17.85,0.0002
1362821818.png,raw,2,231,79.31,0.0002
1362821818.png,raw,3,52,17.85,0.0002
1362821818.png,remove_small,1,231,79.31,0.0266
1367073961.png,raw,1,233,79.99,0.0001
1367073961.png,remove_small,1,233,79.99,0.0289
136891950.png,raw,1,1,0.34,0.0001
136891950.png,raw,2,364,124.97,0.0001
136891950.png,remove_small,1,364,124.97,0.03
137475556.png,raw,1,367,126.0,0.0002
137475556.png,raw,2,330,113.3,0.0002
137475556.png,remove_small,1,367,126.0,0.0531
137475556.png,remove_small,2,330,113.3,0.0531
1375321222.png,raw,1,665,228.31,0.0004
1375321222.png,remove_small,1,665,228.31,0.0592
137602559.png,raw,1,1794,615.92,0.0002
137602559.png,raw,2,2479,851.1,0.0002
137602559.png,raw,3,2342,804.06,0.0002
137602559.png,raw,4,202,69.35,0.0002
137602559.png,remove_small,1,1794,615.92,0.0479
137602559.png,remove_small,2,2479,851.1,0.0479
137602559.png,remove_small,3,2342,804.06,0.0479
137602559.png,remove_small,4,202,69.35,0.0479
137807549.png,raw,1,177,60.77,0.0004
137807549.png,raw,2,230,78.96,0.0004
137807549.png,raw,3,267,91.67,0.0004
137807549.png,remove_small,1,177,60.77,0.0635
137807549.png,remove_small,2,230,78.96,0.0635
137807549.png,remove_small,3,267,91.67,0.0635
138164228.png,raw,1,170,58.36,0.0003
138164228.png,remove_small,1,170,58.36,0.051
1382509387.png,raw,1,2236,767.67,0.0005
1382509387.png,raw,2,1933,663.64,0.0005
1382509387.png,raw,3,1790,614.55,0.0005
1382509387.png,remove_small,1,2236,767.67,0.0512
1382509387.png,remove_small,2,1933,663.64,0.0512
1382509387.png,remove_small,3,1790,614.55,0.0512
1383217776.png,raw,1,637,218.7,0.0006
1383217776.png,remove_small,1,637,218.7,0.0465
1385046514.png,raw,1,692,237.58,0.0003
1385046514.png,raw,2,723,248.22,0.0003
1385046514.png,raw,3,4,1.37,0.0003
1385046514.png,raw,4,9,3.09,0.0003
1385046514.png,remove_small,1,692,237.58,0.047
1385046514.png,remove_small,2,723,248.22,0.047
138659367.png,raw,1,743,255.09,0.0003
138659367.png,remove_small,1,743,255.09,0.0456
138659368.png,raw,1,455,156.21,0.0003
138659368.png,raw,2,495,169.94,0.0003
138659368.png,raw,3,448,153.81,0.0003
138659368.png,remove_small,1,455,156.21,0.0461
138659368.png,remove_small,2,495,169.94,0.0461
138659368.png,remove_small,3,448,153.81,0.0461
1387942639.png,raw,1,1177,404.09,0.0002
1387942639.png,remove_small,1,1177,404.09,0.0534
1392381753.png,raw,1,284,97.5,0.0002
1392381753.png,remove_small,1,284,97.5,0.0482
1392381754.png,raw,1,395,135.61,0.0003
1392381754.png,raw,2,103,35.36,0.0003
1392381754.png,remove_small,1,395,135.61,0.0503
1392381754.png,remove_small,2,103,35.36,0.0503
1394445919.png,raw,1,508,174.41,0.0003
1394445919.png,remove_small,1,508,174.41,0.0612
140376319.png,raw,1,356,122.22,0.0005
140376319.png,raw,2,377,129.43,0.0005
140376319.png,remove_small,1,356,122.22,0.0493
140376319.png,remove_small,2,377,129.43,0.0493
140924713.png,raw,1,3,1.03,0.0006
140924713.png,raw,2,18,6.18,0.0006
141242403.png,raw,1,376,129.09,0.0002
141242403.png,raw,2,339,116.39,0.0002
141242403.png,raw,3,354,121.54,0.0002
141242403.png,raw,4,432,148.32,0.0002
141242403.png,remove_small,1,376,129.09,0.0586
141242403.png,remove_small,2,339,116.39,0.0586
141242403.png,remove_small,3,354,121.54,0.0586
141242403.png,remove_small,4,432,148.32,0.0586
141428815.png,raw,1,220,75.53,0.0002
141428815.png,remove_small,1,220,75.53,0.0479
141762416.png,raw,1,102,35.02,0.0007
141762416.png,remove_small,1,102,35.02,0.0511
142037538.png,raw,1,518,177.84,0.0003
142037538.png,raw,2,506,173.72,0.0003
142037538.png,remove_small,1,518,177.84,0.0482
142037538.png,remove_small,2,506,173.72,0.0482
142047364.png,raw,1,246,84.46,0.0004
142047364.png,raw,2,565,193.98,0.0004
142047364.png,remove_small,1,246,84.46,0.0479
142047364.png,remove_small,2,565,193.98,0.0479
142299114.png,raw,1,303,104.03,0.0002
142299114.png,raw,2,252,86.52,0.0002
142299114.png,remove_small,1,303,104.03,0.0494
142299114.png,remove_small,2,252,86.52,0.0494
142365387.png,raw,1,563,193.29,0.0006
142365387.png,raw,2,415,142.48,0.0006
142365387.png,remove_small,1,563,193.29,0.0575
142365387.png,remove_small,2,415,142.48,0.0575
142487746.png,raw,1,2412,828.09,0.0004
142487746.png,raw,2,2290,786.21,0.0004
142487746.png,raw,3,2244,770.42,0.0004
142487746.png,raw,4,2132,731.96,0.0004
142487746.png,raw,5,2231,765.95,0.0004
142487746.png,remove_small,1,2412,828.09,0.054
142487746.png,remove_small,2,2290,786.21,0.054
142487746.png,remove_small,3,2244,770.42,0.054
142487746.png,remove_small,4,2132,731.96,0.054
142487746.png,remove_small,5,2231,765.95,0.054
142993609.png,raw,1,243,83.43,0.0002
142993609.png,raw,2,73,25.06,0.0002
142993609.png,raw,3,13,4.46,0.0002
142993609.png,remove_small,1,243,83.43,0.0388
143031236.png,raw,1,459,157.59,0.0003
143031236.png,raw,2,576,197.75,0.0003
143031236.png,remove_small,1,459,157.59,0.0518
143031236.png,remove_small,2,576,197.75,0.0518
143845191.png,raw,1,419,143.85,0.0002
143845191.png,raw,2,314,107.8,0.0002
143845191.png,remove_small,1,419,143.85,0.0458
143845191.png,remove_small,2,314,107.8,0.0458
143854536.png,raw,1,355,121.88,0.0007
143854536.png,remove_small,1,355,121.88,0.0468
143854952.png,raw,1,736,252.69,0.0007
143854952.png,raw,2,86,29.53,0.0007
143854952.png,remove_small,1,736,252.69,0.0516
143882655.png,raw,1,1870,642.01,0.0005
143882655.png,raw,2,1869,641.67,0.0005
143882655.png,raw,3,2240,769.04,0.0005
143882655.png,raw,4,2066,709.3,0.0005
143882655.png,remove_small,1,1870,642.01,0.0468
143882655.png,remove_small,2,1869,641.67,0.0468
143882655.png,remove_small,3,2240,769.04,0.0468
143882655.png,remove_small,4,2066,709.3,0.0468
143903369.png,raw,1,541,185.74,0.0002
143903369.png,raw,2,1185,406.84,0.0002
143903369.png,raw,3,1123,385.55,0.0002
143903369.png,remove_small,1,541,185.74,0.0455
143903369.png,remove_small,2,1185,406.84,0.0455
143903369.png,remove_small,3,1123,385.55,0.0455
143945490.png,raw,1,530,181.96,0.0002
143945490.png,remove_small,1,530,181.96,0.044
144441081.png,raw,1,1321,453.53,0.0005
144441081.png,raw,2,896,307.62,0.0005
144441081.png,remove_small,1,1321,453.53,0.0673
144441081.png,remove_small,2,896,307.62,0.0673
144441085.png,raw,1,1094,375.6,0.0005
144441085.png,raw,2,831,285.3,0.0005
144441085.png,remove_small,1,1094,375.6,0.0446
144441085.png,remove_small,2,831,285.3,0.0446
144965635.png,raw,1,538,184.71,0.0002
144965635.png,raw,2,443,152.09,0.0002
144965635.png,raw,3,462,158.62,0.0002
144965635.png,remove_small,1,538,184.71,0.0637
144965635.png,remove_small,2,443,152.09,0.0637
144965635.png,remove_small,3,462,158.62,0.0637
145002769.png,raw,1,1400,480.65,0.0003
145002769.png,raw,2,1565,537.3,0.0003
145002769.png,remove_small,1,1400,480.65,0.049
145002769.png,remove_small,2,1565,537.3,0.049
145181778.png,raw,1,590,202.56,0.0002
145181778.png,raw,2,545,187.11,0.0002
145181778.png,remove_small,1,590,202.56,0.0512
145181778.png,remove_small,2,545,187.11,0.0512
145280359.png,raw,1,896,307.62,0.0002
145280359.png,remove_small,1,896,307.62,0.0678
145486242.png,raw,1,572,196.38,0.0002
145486242.png,remove_small,1,572,196.38,0.0369
145680894.png,raw,1,373,128.06,0.0002
145680894.png,raw,2,234,80.34,0.0002
145680894.png,remove_small,1,373,128.06,0.0298
145680894.png,remove_small,2,234,80.34,0.0298
145680895.png,raw,1,472,162.05,0.0002
145680895.png,raw,2,28,9.61,0.0002
145680895.png,raw,3,393,134.93,0.0002
145680895.png,raw,4,242,83.08,0.0002
145680895.png,remove_small,1,472,162.05,0.0258
145680895.png,remove_small,2,393,134.93,0.0258
145680895.png,remove_small,3,242,83.08,0.0258
145850313.png,raw,1,1346,462.11,0.0002
145850313.png,raw,2,116,39.83,0.0002
145850313.png,remove_small,1,1346,462.11,0.0259
145850313.png,remove_small,2,116,39.83,0.0259
145850315.png,raw,1,1086,372.85,0.0001
145850315.png,raw,2,741,254.4,0.0001
145850315.png,remove_small,1,1086,372.85,0.0275
145850315.png,remove_small,2,741,254.4,0.0275
147213229.png,raw,1,361,123.94,0.0001
147213229.png,raw,2,379,130.12,0.0001
147213229.png,remove_small,1,361,123.94,0.0305
147213229.png,remove_small,2,379,130.12,0.0305
147468114.png,raw,1,652,223.85,0.0002
147468114.png,raw,2,300,103.0,0.0002
147468114.png,remove_small,1,652,223.85,0.028
147468114.png,remove_small,2,300,103.0,0.028
147480077.png,raw,1,619,212.52,0.0001
147480077.png,raw,2,552,189.51,0.0001
147480077.png,raw,3,369,126.69,0.0001
147480077.png,remove_small,1,619,212.52,0.0264
147480077.png,remove_small,2,552,189.51,0.0264
147480077.png,remove_small,3,369,126.69,0.0264
147493366.png,raw,1,560,192.26,0.0001
147493366.png,raw,2,729,250.28,0.0001
147493366.png,remove_small,1,560,192.26,0.0267
147493366.png,remove_small,2,729,250.28,0.0267
147493371.png,raw,1,538,184.71,0.0002
147493371.png,raw,2,138,47.38,0.0002
147493371.png,remove_small,1,538,184.71,0.0244
147493371.png,remove_small,2,138,47.38,0.0244
147497591.png,raw,1,424,145.57,0.0002
147497591.png,raw,2,547,187.8,0.0002
147497591.png,remove_small,1,424,145.57,0.026
147497591.png,remove_small,2,547,187.8,0.026
147521567.png,raw,1,1157,397.22,0.0002
147521567.png,raw,2,1555,533.87,0.0002
147521567.png,raw,3,1506,517.04,0.0002
147521567.png,remove_small,1,1157,397.22,0.0255
147521567.png,remove_small,2,1555,533.87,0.0255
147521567.png,remove_small,3,1506,517.04,0.0255
147616179.png,raw,1,481,165.14,0.0001
147616179.png,remove_small,1,481,165.14,0.0256
147716147.png,raw,1,296,101.62,0.0002
147716147.png,raw,2,411,141.11,0.0002
147716147.png,remove_small,1,296,101.62,0.0258
147716147.png,remove_small,2,411,141.11,0.0258
148193036.png,raw,1,838,287.7,0.0002
148193036.png,raw,2,40,13.73,0.0002
148193036.png,remove_small,1,838,287.7,0.0264
148204191.png,raw,1,562,192.95,0.0001
148204191.png,raw,2,500,171.66,0.0001
148204191.png,remove_small,1,562,192.95,0.0272
148204191.png,remove_small,2,500,171.66,0.0272
148208769.png,raw,1,505,173.38,0.0001
148208769.png,raw,2,449,154.15,0.0001
148208769.png,remove_small,1,505,173.38,0.0281
148208769.png,remove_small,2,449,154.15,0.0281
148211527.png,raw,1,1607,551.72,0.0002
148211527.png,remove_small,1,1607,551.72,0.0253
148446247.png,raw,1,752,258.18,0.0002
148446247.png,raw,2,1223,419.88,0.0002
148446247.png,raw,3,51,17.51,0.0002
148446247.png,raw,4,7,2.4,0.0002
148446247.png,raw,5,1045,358.77,0.0002
148446247.png,raw,6,662,227.28,0.0002
148446247.png,remove_small,1,752,258.18,0.0354
148446247.png,remove_small,2,1223,419.88,0.0354
148446247.png,remove_small,3,1045,358.77,0.0354
148446247.png,remove_small,4,662,227.28,0.0354
148584078.png,raw,1,564,193.63,0.0001
148584078.png,remove_small,1,564,193.63,0.0251
148651195.png,raw,1,112,38.45,0.0002
148651195.png,remove_small,1,112,38.45,0.026
149119611.png,raw,1,406,139.39,0.0001
149119611.png,remove_small,1,406,139.39,0.0281
149469056.png,raw,1,387,132.87,0.0001
149469056.png,remove_small,1,387,132.87,0.0273
149624642.png,raw,1,501,172.0,0.0001
149624642.png,raw,2,376,129.09,0.0001
149624642.png,remove_small,1,501,172.0,0.0259
149624642.png,remove_small,2,376,129.09,0.0259
149625295.png,raw,1,430,147.63,0.0006
149625295.png,raw,2,505,173.38,0.0006
149625295.png,raw,3,744,255.43,0.0006
149625295.png,raw,4,186,63.86,0.0006
149625295.png,remove_small,1,430,147.63,0.0272
149625295.png,remove_small,2,505,173.38,0.0272
149625295.png,remove_small,3,744,255.43,0.0272
149625295.png,remove_small,4,186,63.86,0.0272
149660915.png,raw,1,313,107.46,0.0001
149660915.png,remove_small,1,313,107.46,0.0257
149815390.png,raw,1,664,227.97,0.0002
149815390.png,raw,2,885,303.84,0.0002
149815390.png,remove_small,1,664,227.97,0.0286
149815390.png,remove_small,2,885,303.84,0.0286
149944960.png,raw,1,143,49.1,0.0002
149944960.png,raw,2,268,92.01,0.0002
149944960.png,remove_small,1,143,49.1,0.0283
149944960.png,remove_small,2,268,92.01,0.0283
149981427.png,raw,1,530,181.96,0.0002
149981427.png,raw,2,582,199.81,0.0002
149981427.png,remove_small,1,530,181.96,0.0277
149981427.png,remove_small,2,582,199.81,0.0277
149987048.png,raw,1,156,53.56,0.0001
149987048.png,remove_small,1,156,53.56,0.0279
149987052.png,raw,1,280,96.13,0.0002
149987052.png,raw,2,367,126.0,0.0002
149987052.png,remove_small,1,280,96.13,0.0325
149987052.png,remove_small,2,367,126.0,0.0325
150126865.png,raw,1,425,145.91,0.0001
150126865.png,remove_small,1,425,145.91,0.0263
150142056.png,raw,1,551,189.17,0.0002
150142056.png,raw,2,489,167.88,0.0002
150142056.png,remove_small,1,551,189.17,0.0263
150142056.png,remove_small,2,489,167.88,0.0263
150142057.png,raw,1,148,50.81,0.0001
150142057.png,raw,2,312,107.12,0.0001
150142057.png,remove_small,1,148,50.81,0.0282
150142057.png,remove_small,2,312,107.12,0.0282
150142062.png,raw,1,170,58.36,0.0001
150142062.png,remove_small,1,170,58.36,0.0309
150142092.png,raw,1,462,158.62,0.0002
150142092.png,raw,2,318,109.18,0.0002
150142092.png,raw,3,639,219.38,0.0002
150142092.png,raw,4,33,11.33,0.0002
150142092.png,raw,5,58,19.91,0.0002
150142092.png,remove_small,1,462,158.62,0.0279
150142092.png,remove_small,2,318,109.18,0.0279
150142092.png,remove_small,3,639,219.38,0.0279
150256499.png,raw,1,346,118.79,0.0001
150256499.png,remove_small,1,346,118.79,0.0248
150256501.png,raw,1,571,196.04,0.0001
150256501.png,remove_small,1,571,196.04,0.025
150277621.png,raw,1,2,0.69,0.0001
150277621.png,raw,2,59,20.26,0.0001
150277621.png,raw,3,169,58.02,0.0001
150277621.png,raw,4,151,51.84,0.0001
150277621.png,remove_small,1,169,58.02,0.0265
150277621.png,remove_small,2,151,51.84,0.0265
150279447.png,raw,1,510,175.09,0.0002
150279447.png,raw,2,445,152.78,0.0002
150279447.png,remove_small,1,510,175.09,0.0308
150279447.png,remove_small,2,445,152.78,0.0308
150283589.png,raw,1,497,170.63,0.0002
150283589.png,raw,2,340,116.73,0.0002
150283589.png,remove_small,1,497,170.63,0.0298
150283589.png,remove_small,2,340,116.73,0.0298
150353464.png,raw,1,106,36.39,0.0001
150353464.png,remove_small,1,106,36.39,0.0269
150353465.png,raw,1,722,247.88,0.0001
150353465.png,raw,2,720,247.19,0.0001
150353465.png,remove_small,1,722,247.88,0.0269
150353465.png,remove_small,2,720,247.19,0.0269
150356947.png,raw,1,743,255.09,0.0002
150356947.png,raw,2,555,190.54,0.0002
150356947.png,remove_small,1,743,255.09,0.0267
150356947.png,remove_small,2,555,190.54,0.0267
150361752.png,raw,1,469,161.02,0.0001
150361752.png,raw,2,420,144.2,0.0001
150361752.png,raw,3,86,29.53,0.0001
150361752.png,raw,4,479,164.45,0.0001
150361752.png,remove_small,1,469,161.02,0.0264
150361752.png,remove_small,2,420,144.2,0.0264
150361752.png,remove_small,3,479,164.45,0.0264
150395131.png,raw,1,289,99.22,0.0002
150395131.png,remove_small,1,289,99.22,0.025
151581304.png,raw,1,470,161.36,0.0001
151581304.png,raw,2,519,178.18,0.0001
151581304.png,remove_small,1,470,161.36,0.0254
151581304.png,remove_small,2,519,178.18,0.0254
151967290.png,raw,1,4340,1490.02,0.0003
151967290.png,raw,2,87,29.87,0.0003
151967290.png,remove_small,1,4340,1490.02,0.0257
151967292.png,raw,1,193,66.26,0.0001
151967292.png,remove_small,1,193,66.26,0.0276
152107812.png,raw,1,80,27.47,0.0001
152107815.png,raw,1,1048,359.8,0.0001
152107815.png,raw,2,936,321.35,0.0001
152107815.png,raw,3,411,141.11,0.0001
152107815.png,remove_small,1,1048,359.8,0.0258
152107815.png,remove_small,2,936,321.35,0.0258
152107815.png,remove_small,3,411,141.11,0.0258
152125599.png,raw,1,187,64.2,0.0002
152125599.png,raw,2,229,78.62,0.0002
152125599.png,remove_small,1,187,64.2,0.0271
152125599.png,remove_small,2,229,78.62,0.0271
152125603.png,raw,1,284,97.5,0.0002
152125603.png,raw,2,258,88.58,0.0002
152125603.png,remove_small,1,284,97.5,0.0251
152125603.png,remove_small,2,258,88.58,0.0251
152261133.png,raw,1,405,139.05,0.0001
152261133.png,raw,2,114,39.14,0.0001
152261133.png,raw,3,1807,620.38,0.0001
152261133.png,raw,4,2288,785.52,0.0001
152261133.png,raw,5,1771,608.02,0.0001
152261133.png,raw,6,1635,561.33,0.0001
152261133.png,remove_small,1,405,139.05,0.0253
152261133.png,remove_small,2,114,39.14,0.0253
152261133.png,remove_small,3,1807,620.38,0.0253
152261133.png,remove_small,4,2288,785.52,0.0253
152261133.png,remove_small,5,1771,608.02,0.0253
152261133.png,remove_small,6,1635,561.33,0.0253
152403632.png,raw,1,441,151.41,0.0001
152403632.png,raw,2,200,68.66,0.0001
152403632.png,raw,3,1294,444.26,0.0001
152403632.png,raw,4,208,71.41,0.0001
152403632.png,raw,5,674,231.4,0.0001
152403632.png,raw,6,1040,357.06,0.0001
152403632.png,raw,7,68,23.35,0.0001
152403632.png,raw,8,3930,1349.26,0.0001
152403632.png,remove_small,1,441,151.41,0.0291
152403632.png,remove_small,2,200,68.66,0.0291
152403632.png,remove_small,3,1294,444.26,0.0291
152403632.png,remove_small,4,208,71.41,0.0291
152403632.png,remove_small,5,674,231.4,0.0291
152403632.png,remove_small,6,1040,357.06,0.0291
152403632.png,remove_small,7,3930,1349.26,0.0291
152403693.png,raw,1,362,124.28,0.0001
152403693.png,remove_small,1,362,124.28,0.0265
152403696.png,raw,1,514,176.47,0.0001
152403696.png,raw,2,493,169.26,0.0001
152403696.png,remove_small,1,514,176.47,0.0273
152403696.png,remove_small,2,493,169.26,0.0273
152403700.png,raw,1,397,136.3,0.0002
152403700.png,raw,2,249,85.49,0.0002
152403700.png,remove_small,1,397,136.3,0.0294
152403700.png,remove_small,2,249,85.49,0.0294
152403702.png,raw,1,328,112.61,0.0001
152403702.png,remove_small,1,328,112.61,0.0292
152403710.png,raw,1,77,26.44,0.0001
152403710.png,raw,2,405,139.05,0.0001
152403710.png,remove_small,1,405,139.05,0.0277
152403711.png,raw,1,504,173.03,0.0001
152403711.png,raw,2,531,182.3,0.0001
152403711.png,raw,3,522,179.21,0.0001
152403711.png,remove_small,1,504,173.03,0.0288
152403711.png,remove_small,2,531,182.3,0.0288
152403711.png,remove_small,3,522,179.21,0.0288
152480573.png,raw,1,986,338.52,0.0001
152480573.png,remove_small,1,986,338.52,0.0279
152546954.png,raw,1,439,150.72,0.0002
152546954.png,remove_small,1,439,150.72,0.0287
152924498.png,raw,1,728,249.94,0.0002
152924498.png,raw,2,532,182.65,0.0002
152924498.png,remove_small,1,728,249.94,0.0248
152924498.png,remove_small,2,532,182.65,0.0248
152924501.png,raw,1,454,155.87,0.0001
152924501.png,raw,2,529,181.62,0.0001
152924501.png,raw,3,241,82.74,0.0001
152924501.png,raw,4,673,231.06,0.0001
152924501.png,remove_small,1,454,155.87,0.0256
152924501.png,remove_small,2,529,181.62,0.0256
152924501.png,remove_small,3,241,82.74,0.0256
152924501.png,remove_small,4,673,231.06,0.0256
152924508.png,raw,1,841,288.73,0.0002
152924508.png,raw,2,867,297.66,0.0002
152924508.png,raw,3,815,279.81,0.0002
152924508.png,raw,4,1902,653.0,0.0002
152924508.png,raw,5,933,320.32,0.0002
152924508.png,remove_small,1,841,288.73,0.0257
152924508.png,remove_small,2,867,297.66,0.0257
152924508.png,remove_small,3,815,279.81,0.0257
152924508.png,remove_small,4,1902,653.0,0.0257
152924508.png,remove_small,5,933,320.32,0.0257
152924516.png,raw,1,378,129.78,0.0001
152924516.png,raw,2,389,133.55,0.0001
152924516.png,remove_small,1,378,129.78,0.0256
152924516.png,remove_small,2,389,133.55,0.0256
152973139.png,raw,1,108,37.08,0.0003
152973139.png,raw,2,370,127.03,0.0003
152973139.png,remove_small,1,108,37.08,0.0269
152973139.png,remove_small,2,370,127.03,0.0269
153248589.png,raw,1,1069,367.01,0.0002
153248589.png,raw,2,456,156.56,0.0002
153248589.png,remove_small,1,1069,367.01,0.0266
153248589.png,remove_small,2,456,156.56,0.0266
153328698.png,raw,1,830,284.96,0.0001
153328698.png,raw,2,33,11.33,0.0001
153328698.png,remove_small,1,830,284.96,0.027
153918019.png,raw,1,163,55.96,0.0002
153918019.png,remove_small,1,163,55.96,0.03
154225739.png,raw,1,445,152.78,0.0002
154225739.png,remove_small,1,445,152.78,0.0254
154418450.png,raw,1,300,103.0,0.0001
154418450.png,remove_small,1,300,103.0,0.0254
154783000.png,raw,1,369,126.69,0.0001
154783000.png,raw,2,281,96.47,0.0001
154783000.png,remove_small,1,369,126.69,0.0254
154783000.png,remove_small,2,281,96.47,0.0254
154787763.png,raw,1,258,88.58,0.0001
154787763.png,raw,2,332,113.98,0.0001
154787763.png,raw,3,292,100.25,0.0001
154787763.png,raw,4,47,16.14,0.0001
154787763.png,raw,5,44,15.11,0.0001
154787763.png,remove_small,1,258,88.58,0.0258
154787763.png,remove_small,2,332,113.98,0.0258
154787763.png,remove_small,3,292,100.25,0.0258
154801956.png,raw,1,400,137.33,0.0001
154801956.png,raw,2,97,33.3,0.0001
154801956.png,remove_small,1,400,137.33,0.0257
154817333.png,raw,1,356,122.22,0.0002
154817333.png,raw,2,13,4.46,0.0002
154817333.png,raw,3,816,280.15,0.0002
154817333.png,remove_small,1,356,122.22,0.0325
154817333.png,remove_small,2,816,280.15,0.0325
154860864.png,raw,1,805,276.37,0.0002
154860864.png,raw,2,807,277.06,0.0002
154860864.png,remove_small,1,805,276.37,0.0254
154860864.png,remove_small,2,807,277.06,0.0254
154860865.png,raw,1,28,9.61,0.0001
154869247.png,raw,1,341,117.07,0.0003
154869247.png,raw,2,656,225.22,0.0003
154869247.png,remove_small,1,341,117.07,0.0278
154869247.png,remove_small,2,656,225.22,0.0278
155290943.png,raw,1,377,129.43,0.0001
155290943.png,remove_small,1,377,129.43,0.026
155331645.png,raw,1,59,20.26,0.0001
155331645.png,raw,2,719,246.85,0.0001
155331645.png,remove_small,1,719,246.85,0.0254
155331647.png,raw,1,268,92.01,0.0001
155331647.png,remove_small,1,268,92.01,0.0263
155511778.png,raw,1,50,17.17,0.0002
155535736.png,raw,1,78,26.78,0.0002
155535736.png,raw,2,62,21.29,0.0002
155535736.png,raw,3,204,70.04,0.0002
155535736.png,raw,4,161,55.27,0.0002
155535736.png,remove_small,1,204,70.04,0.0263
155535736.png,remove_small,2,161,55.27,0.0263
155775189.png,raw,1,283,97.16,0.0001
155775189.png,remove_small,1,283,97.16,0.0278
155904140.png,raw,1,430,147.63,0.0001
155904140.png,raw,2,6,2.06,0.0001
155904140.png,raw,3,314,107.8,0.0001
155904140.png,remove_small,1,430,147.63,0.025
155904140.png,remove_small,2,314,107.8,0.025
156089339.png,raw,1,14,4.81,0.0002
156089339.png,raw,2,403,138.36,0.0002
156089339.png,raw,3,252,86.52,0.0002
156089339.png,remove_small,1,403,138.36,0.0261
156089339.png,remove_small,2,252,86.52,0.0261
156354808.png,raw,1,1108,380.4,0.0002
156354808.png,remove_small,1,1108,380.4,0.032
156398575.png,raw,1,535,183.68,0.0002
156398575.png,raw,2,359,123.25,0.0002
156398575.png,raw,3,280,96.13,0.0002
156398575.png,raw,4,662,227.28,0.0002
156398575.png,raw,5,648,222.47,0.0002
156398575.png,raw,6,635,218.01,0.0002
156398575.png,remove_small,1,535,183.68,0.027
156398575.png,remove_small,2,359,123.25,0.027
156398575.png,remove_small,3,280,96.13,0.027
156398575.png,remove_small,4,662,227.28,0.027
156398575.png,remove_small,5,648,222.47,0.027
156398575.png,remove_small,6,635,218.01,0.027
156398591.png,raw,1,693,237.92,0.0002
156398591.png,raw,2,319,109.52,0.0002
156398591.png,raw,3,53,18.2,0.0002
156398591.png,remove_small,1,693,237.92,0.0252
156398591.png,remove_small,2,319,109.52,0.0252
156398595.png,raw,1,665,228.31,0.0002
156398595.png,raw,2,881,302.47,0.0002
156398595.png,remove_small,1,665,228.31,0.0276
156398595.png,remove_small,2,881,302.47,0.0276
156402422.png,raw,1,427,146.6,0.0002
156402422.png,raw,2,12,4.12,0.0002
156402422.png,raw,3,138,47.38,0.0002
156402422.png,raw,4,397,136.3,0.0002
156402422.png,raw,5,202,69.35,0.0002
156402422.png,raw,6,529,181.62,0.0002
156402422.png,remove_small,1,427,146.6,0.0255
156402422.png,remove_small,2,138,47.38,0.0255
156402422.png,remove_small,3,397,136.3,0.0255
156402422.png,remove_small,4,202,69.35,0.0255
156402422.png,remove_small,5,529,181.62,0.0255
156501273.png,raw,1,226,77.59,0.0002
156501273.png,raw,2,183,62.83,0.0002
156501273.png,raw,3,18,6.18,0.0002
156501273.png,raw,4,20,6.87,0.0002
156501273.png,remove_small,1,226,77.59,0.0295
156501273.png,remove_small,2,183,62.83,0.0295
156501275.png,raw,1,232,79.65,0.0001
156501275.png,raw,2,311,106.77,0.0001
156501275.png,remove_small,1,232,79.65,0.0268
156501275.png,remove_small,2,311,106.77,0.0268
156673636.png,raw,1,1420,487.52,0.0003
156673636.png,raw,2,935,321.01,0.0003
156673636.png,raw,3,694,238.27,0.0003
156673636.png,raw,4,951,326.5,0.0003
156673636.png,remove_small,1,1420,487.52,0.0267
156673636.png,remove_small,2,935,321.01,0.0267
156673636.png,remove_small,3,694,238.27,0.0267
156673636.png,remove_small,4,951,326.5,0.0267
156673637.png,raw,1,245,84.11,0.0002
156673637.png,remove_small,1,245,84.11,0.0257
156676050.png,raw,1,783,268.82,0.0001
156676050.png,raw,2,809,277.75,0.0001
156676050.png,raw,3,770,264.36,0.0001
156676050.png,raw,4,412,141.45,0.0001
156676050.png,remove_small,1,783,268.82,0.028
156676050.png,remove_small,2,809,277.75,0.028
156676050.png,remove_small,3,770,264.36,0.028
156676050.png,remove_small,4,412,141.45,0.028
156886589.png,raw,1,969,332.68,0.0002
156886589.png,remove_small,1,969,332.68,0.0254
156938726.png,raw,1,163,55.96,0.0002
156938726.png,remove_small,1,163,55.96,0.034
156960655.png,raw,1,798,273.97,0.0002
156960655.png,raw,2,962,330.28,0.0002
156960655.png,remove_small,1,798,273.97,0.0251
156960655.png,remove_small,2,962,330.28,0.0251
156973363.png,raw,1,911,312.77,0.0002
156973363.png,remove_small,1,911,312.77,0.025
157104351.png,raw,1,651,223.5,0.0001
157104351.png,remove_small,1,651,223.5,0.0254
157105175.png,raw,1,72,24.72,0.0001
157164284.png,raw,1,209,71.75,0.0001
157164284.png,remove_small,1,209,71.75,0.0253
157327362.png,raw,1,519,178.18,0.0002
157327362.png,raw,2,209,71.75,0.0002
157327362.png,raw,3,561,192.6,0.0002
157327362.png,raw,4,665,228.31,0.0002
157327362.png,remove_small,1,519,178.18,0.0262
157327362.png,remove_small,2,209,71.75,0.0262
157327362.png,remove_small,3,561,192.6,0.0262
157327362.png,remove_small,4,665,228.31,0.0262
157359818.png,raw,1,403,138.36,0.0002
157359818.png,raw,2,578,198.44,0.0002
157359818.png,remove_small,1,403,138.36,0.0261
157359818.png,remove_small,2,578,198.44,0.0261
157375946.png,raw,1,583,200.16,0.0001
157375946.png,raw,2,586,201.19,0.0001
157375946.png,remove_small,1,583,200.16,0.0274
157375946.png,remove_small,2,586,201.19,0.0274
157375947.png,raw,1,1259,432.24,0.0001
157375947.png,remove_small,1,1259,432.24,0.0262
157449983.png,raw,1,33,11.33,0.0003
157449983.png,raw,2,641,220.07,0.0003
157449983.png,remove_small,1,641,220.07,0.0256
157449996.png,raw,1,30,10.3,0.0002
157613270.png,raw,1,1205,413.7,0.0002
157613270.png,remove_small,1,1205,413.7,0.0267
157807291.png,raw,1,1476,506.74,0.0002
157807291.png,raw,2,2064,708.62,0.0002
157807291.png,raw,3,1842,632.4,0.0002
157807291.png,remove_small,1,1476,506.74,0.0318
157807291.png,remove_small,2,2064,708.62,0.0318
157807291.png,remove_small,3,1842,632.4,0.0318
157936224.png,raw,1,1484,509.49,0.0002
157936224.png,raw,2,1441,494.73,0.0002
157936224.png,raw,3,919,315.51,0.0002
157936224.png,remove_small,1,1484,509.49,0.0277
157936224.png,remove_small,2,1441,494.73,0.0277
157936224.png,remove_small,3,919,315.51,0.0277
158044842.png,raw,1,167,57.33,0.0002
158044842.png,raw,2,266,91.32,0.0002
158044842.png,remove_small,1,167,57.33,0.0258
158044842.png,remove_small,2,266,91.32,0.0258
158044843.png,raw,1,602,206.68,0.0001
158044843.png,raw,2,673,231.06,0.0001
158044843.png,remove_small,1,602,206.68,0.0258
158044843.png,remove_small,2,673,231.06,0.0258
158099588.png,raw,1,551,189.17,0.0002
158099588.png,raw,2,85,29.18,0.0002
158099588.png,remove_small,1,551,189.17,0.0257
158242082.png,raw,1,744,255.43,0.0001
158242082.png,raw,2,692,237.58,0.0001
158242082.png,raw,3,741,254.4,0.0001
158242082.png,remove_small,1,744,255.43,0.0249
158242082.png,remove_small,2,692,237.58,0.0249
158242082.png,remove_small,3,741,254.4,0.0249
159209994.png,raw,1,484,166.17,0.0001
159209994.png,raw,2,510,175.09,0.0001
159209994.png,raw,3,475,163.08,0.0001
159209994.png,remove_small,1,484,166.17,0.0289
159209994.png,remove_small,2,510,175.09,0.0289
159209994.png,remove_small,3,475,163.08,0.0289
159483017.png,raw,1,406,139.39,0.0002
159483017.png,raw,2,67,23.0,0.0002
159483017.png,raw,3,219,75.19,0.0002
159483017.png,remove_small,1,406,139.39,0.0258
159483017.png,remove_small,2,219,75.19,0.0258
159656193.png,raw,1,296,101.62,0.0002
159656193.png,raw,2,575,197.41,0.0002
159656193.png,remove_small,1,296,101.62,0.0262
159656193.png,remove_small,2,575,197.41,0.0262
160092525.png,raw,1,343,117.76,0.0002
160092525.png,raw,2,58,19.91,0.0002
160092525.png,raw,3,120,41.2,0.0002
160092525.png,remove_small,1,343,117.76,0.029
160092525.png,remove_small,2,120,41.2,0.029
160533153.png,raw,1,541,185.74,0.0001
160533153.png,remove_small,1,541,185.74,0.025
160584794.png,raw,1,616,211.49,0.0001
160584794.png,raw,2,213,73.13,0.0001
160584794.png,raw,3,546,187.45,0.0001
160584794.png,raw,4,1111,381.43,0.0001
160584794.png,raw,5,986,338.52,0.0001
160584794.png,remove_small,1,616,211.49,0.0244
160584794.png,remove_small,2,213,73.13,0.0244
160584794.png,remove_small,3,546,187.45,0.0244
160584794.png,remove_small,4,1111,381.43,0.0244
160584794.png,remove_small,5,986,338.52,0.0244
160929294.png,raw,1,356,122.22,0.0002
160929294.png,remove_small,1,356,122.22,0.0246
163197945.png,raw,1,268,92.01,0.0001
163197945.png,raw,2,458,157.24,0.0001
163197945.png,remove_small,1,268,92.01,0.027
163197945.png,remove_small,2,458,157.24,0.027
163658850.png,raw,1,371,127.37,0.0002
163658850.png,remove_small,1,371,127.37,0.0255
165849891.png,raw,1,319,109.52,0.0002
165849891.png,raw,2,44,15.11,0.0002
165849891.png,remove_small,1,319,109.52,0.0316
167005487.png,raw,1,411,141.11,0.0001
167005487.png,raw,2,471,161.71,0.0001
167005487.png,raw,3,717,246.16,0.0001
167005487.png,raw,4,14,4.81,0.0001
167005487.png,remove_small,1,411,141.11,0.0353
167005487.png,remove_small,2,471,161.71,0.0353
167005487.png,remove_small,3,717,246.16,0.0353
167009918.png,raw,1,423,145.23,0.0002
167009918.png,raw,2,476,163.42,0.0002
167009918.png,remove_small,1,423,145.23,0.0257
167009918.png,remove_small,2,476,163.42,0.0257
167051672.png,raw,1,4,1.37,0.0002
167352587.png,raw,1,1329,456.28,0.0002
167352587.png,raw,2,937,321.69,0.0002
167352587.png,raw,3,1282,440.14,0.0002
167352587.png,remove_small,1,1329,456.28,0.0254
167352587.png,remove_small,2,937,321.69,0.0254
167352587.png,remove_small,3,1282,440.14,0.0254
168388659.png,raw,1,387,132.87,0.0002
168388659.png,raw,2,324,111.24,0.0002
168388659.png,raw,3,341,117.07,0.0002
168388659.png,remove_small,1,387,132.87,0.0266
168388659.png,remove_small,2,324,111.24,0.0266
168388659.png,remove_small,3,341,117.07,0.0266
169096950.png,raw,1,5,1.72,0.0001
169123283.png,raw,1,291,99.91,0.0001
169123283.png,raw,2,269,92.35,0.0001
169123283.png,remove_small,1,291,99.91,0.0251
169123283.png,remove_small,2,269,92.35,0.0251
169244940.png,raw,1,1269,435.68,0.0001
169244940.png,raw,2,1085,372.51,0.0001
169244940.png,remove_small,1,1269,435.68,0.027
169244940.png,remove_small,2,1085,372.51,0.027
169348252.png,raw,1,423,145.23,0.0001
169348252.png,remove_small,1,423,145.23,0.0252
169593110.png,raw,1,446,153.12,0.0002
169593110.png,remove_small,1,446,153.12,0.0248
170123812.png,raw,1,1897,651.28,0.0001
170123812.png,raw,2,1628,558.93,0.0001
170123812.png,raw,3,1134,389.33,0.0001
170123812.png,remove_small,1,1897,651.28,0.0256
170123812.png,remove_small,2,1628,558.93,0.0256
170123812.png,remove_small,3,1134,389.33,0.0256
172456557.png,raw,1,438,150.38,0.0001
172456557.png,remove_small,1,438,150.38,0.0251
172471697.png,raw,1,163,55.96,0.0001
172471697.png,remove_small,1,163,55.96,0.025
172562526.png,raw,1,381,130.81,0.0002
172562526.png,raw,2,299,102.65,0.0002
172562526.png,remove_small,1,381,130.81,0.0281
172562526.png,remove_small,2,299,102.65,0.0281
172997500.png,raw,1,526,180.59,0.0002
172997500.png,remove_small,1,526,180.59,0.0249
173087291.png,raw,1,986,338.52,0.0002
173087291.png,raw,2,1027,352.59,0.0002
173087291.png,remove_small,1,986,338.52,0.0295
173087291.png,remove_small,2,1027,352.59,0.0295
173112252.png,raw,1,2176,747.07,0.0001
173112252.png,raw,2,2211,759.09,0.0001
173112252.png,remove_small,1,2176,747.07,0.0274
173112252.png,remove_small,2,2211,759.09,0.0274
173145567.png,raw,1,113,38.8,0.0002
173145567.png,raw,2,425,145.91,0.0002
173145567.png,raw,3,601,206.34,0.0002
173145567.png,remove_small,1,113,38.8,0.0259
173145567.png,remove_small,2,425,145.91,0.0259
173145567.png,remove_small,3,601,206.34,0.0259
173544077.png,raw,1,406,139.39,0.0001
173544077.png,raw,2,580,199.13,0.0001
173544077.png,raw,3,161,55.27,0.0001
173544077.png,remove_small,1,406,139.39,0.0255
173544077.png,remove_small,2,580,199.13,0.0255
173544077.png,remove_small,3,161,55.27,0.0255
173590648.png,raw,1,189,64.89,0.0001
173590648.png,remove_small,1,189,64.89,0.0256
173628966.png,raw,1,147,50.47,0.0001
173628966.png,remove_small,1,147,50.47,0.0251
173839168.png,raw,1,95,32.62,0.0002
173839172.png,raw,1,1031,353.97,0.0001
173839172.png,remove_small,1,1031,353.97,0.0261
174153942.png,raw,1,505,173.38,0.0001
174153942.png,raw,2,416,142.82,0.0001
174153942.png,remove_small,1,505,173.38,0.0253
174153942.png,remove_small,2,416,142.82,0.0253
174667719.png,raw,1,620,212.86,0.0002
174667719.png,raw,2,362,124.28,0.0002
174667719.png,remove_small,1,620,212.86,0.0255
174667719.png,remove_small,2,362,124.28,0.0255
174766352.png,raw,1,1180,405.12,0.0002
174766352.png,remove_small,1,1180,405.12,0.0281
175083835.png,raw,1,58,19.91,0.0002
175106476.png,raw,1,210,72.1,0.0002
175106476.png,raw,2,315,108.15,0.0002
175106476.png,remove_small,1,210,72.1,0.0251
175106476.png,remove_small,2,315,108.15,0.0251
175112801.png,raw,1,1560,535.58,0.0002
175112801.png,raw,2,1702,584.34,0.0002
175112801.png,raw,3,1558,534.9,0.0002
175112801.png,raw,4,468,160.68,0.0002
175112801.png,raw,5,235,80.68,0.0002
175112801.png,raw,6,405,139.05,0.0002
175112801.png,raw,7,362,124.28,0.0002
175112801.png,raw,8,242,83.08,0.0002
175112801.png,remove_small,1,1560,535.58,0.025
175112801.png,remove_small,2,1702,584.34,0.025
175112801.png,remove_small,3,1558,534.9,0.025
175112801.png,remove_small,4,468,160.68,0.025
175112801.png,remove_small,5,235,80.68,0.025
175112801.png,remove_small,6,405,139.05,0.025
175112801.png,remove_small,7,362,124.28,0.025
175112801.png,remove_small,8,242,83.08,0.025
175411021.png,raw,1,974,334.4,0.0002
175411021.png,raw,2,293,100.59,0.0002
175411021.png,remove_small,1,974,334.4,0.0268
175411021.png,remove_small,2,293,100.59,0.0268
175459302.png,raw,1,605,207.71,0.0003
175459302.png,raw,2,685,235.18,0.0003
175459302.png,remove_small,1,605,207.71,0.0253
175459302.png,remove_small,2,685,235.18,0.0253
176208790.png,raw,1,126,43.26,0.0001
176208790.png,remove_small,1,126,43.26,0.0284
176323420.png,raw,1,470,161.36,0.0002
176323420.png,raw,2,499,171.32,0.0002
176323420.png,remove_small,1,470,161.36,0.0263
176323420.png,remove_small,2,499,171.32,0.0263
177187890.png,raw,1,105,36.05,0.0002
177187890.png,raw,2,199,68.32,0.0002
177187890.png,raw,3,62,21.29,0.0002
177187890.png,remove_small,1,105,36.05,0.0263
177187890.png,remove_small,2,199,68.32,0.0263
177187892.png,raw,1,212,72.78,0.0001
177187892.png,raw,2,338,116.04,0.0001
177187892.png,raw,3,846,290.45,0.0001
177187892.png,raw,4,268,92.01,0.0001
177187892.png,remove_small,1,212,72.78,0.0252
177187892.png,remove_small,2,338,116.04,0.0252
177187892.png,remove_small,3,846,290.45,0.0252
177187892.png,remove_small,4,268,92.01,0.0252
177187893.png,raw,1,135,46.35,0.0002
177187893.png,raw,2,785,269.51,0.0002
177187893.png,raw,3,9,3.09,0.0002
177187893.png,raw,4,12,4.12,0.0002
177187893.png,raw,5,58,19.91,0.0002
177187893.png,raw,6,219,75.19,0.0002
177187893.png,remove_small,1,135,46.35,0.0247
177187893.png,remove_small,2,785,269.51,0.0247
177187893.png,remove_small,3,219,75.19,0.0247
177187894.png,raw,1,327,112.27,0.0001
177187894.png,raw,2,556,190.89,0.0001
177187894.png,raw,3,310,106.43,0.0001
177187894.png,remove_small,1,327,112.27,0.0245
177187894.png,remove_small,2,556,190.89,0.0245
177187894.png,remove_small,3,310,106.43,0.0245
177187895.png,raw,1,213,73.13,0.0002
177187895.png,raw,2,49,16.82,0.0002
177187895.png,raw,3,8,2.75,0.0002
177187895.png,remove_small,1,213,73.13,0.0251
177187896.png,raw,1,852,292.51,0.0001
177187896.png,raw,2,12,4.12,0.0001
177187896.png,raw,3,37,12.7,0.0001
177187896.png,remove_small,1,852,292.51,0.0251
177187897.png,raw,1,581,199.47,0.0002
177187897.png,raw,2,610,209.43,0.0002
177187897.png,remove_small,1,581,199.47,0.0254
177187897.png,remove_small,2,610,209.43,0.0254
177829920.png,raw,1,3155,1083.18,0.0001
177829920.png,raw,2,761,261.27,0.0001
177829920.png,raw,3,1655,568.2,0.0001
177829920.png,raw,4,1977,678.75,0.0001
177829920.png,remove_small,1,3155,1083.18,0.0257
177829920.png,remove_small,2,761,261.27,0.0257
177829920.png,remove_small,3,1655,568.2,0.0257
177829920.png,remove_small,4,1977,678.75,0.0257
177914437.png,raw,1,157,53.9,0.0001
177914437.png,raw,2,789,270.88,0.0001
177914437.png,remove_small,1,157,53.9,0.0299
177914437.png,remove_small,2,789,270.88,0.0299
177942741.png,raw,1,29,9.96,0.0002
177942741.png,raw,2,212,72.78,0.0002
177942741.png,remove_small,1,212,72.78,0.0295
177942745.png,raw,1,267,91.67,0.0002
177942745.png,remove_small,1,267,91.67,0.0262
179150857.png,raw,1,521,178.87,0.0001
179150857.png,remove_small,1,521,178.87,0.0256
179359995.png,raw,1,180,61.8,0.0001
179359995.png,raw,2,134,46.01,0.0001
179359995.png,raw,3,571,196.04,0.0001
179359995.png,raw,4,649,222.82,0.0001
179359995.png,raw,5,241,82.74,0.0001
179359995.png,remove_small,1,180,61.8,0.0268
179359995.png,remove_small,2,134,46.01,0.0268
179359995.png,remove_small,3,571,196.04,0.0268
179359995.png,remove_small,4,649,222.82,0.0268
179359995.png,remove_small,5,241,82.74,0.0268
181929209.png,raw,1,1,0.34,0.0001
181929209.png,raw,2,614,210.8,0.0001
181929209.png,remove_small,1,614,210.8,0.025
184070085.png,raw,1,561,192.6,0.0001
184070085.png,raw,2,408,140.08,0.0001
184070085.png,remove_small,1,561,192.6,0.025
184070085.png,remove_small,2,408,140.08,0.025
185961035.png,raw,1,515,176.81,0.0002
185961035.png,raw,2,658,225.91,0.0002
185961035.png,remove_small,1,515,176.81,0.0262
185961035.png,remove_small,2,658,225.91,0.0262
18629425.png,raw,1,1227,421.26,0.0002
18629425.png,raw,2,579,198.78,0.0002
18629425.png,raw,3,1904,653.69,0.0002
18629425.png,raw,4,4412,1514.74,0.0002
18629425.png,raw,5,745,255.78,0.0002
18629425.png,remove_small,1,1227,421.26,0.0265
18629425.png,remove_small,2,579,198.78,0.0265
18629425.png,remove_small,3,1904,653.69,0.0265
18629425.png,remove_small,4,4412,1514.74,0.0265
18629425.png,remove_small,5,745,255.78,0.0265
187928469.png,raw,1,226,77.59,0.0001
187928469.png,remove_small,1,226,77.59,0.027
188276460.png,raw,1,884,303.5,0.0001
188276460.png,raw,2,880,302.12,0.0001
188276460.png,remove_small,1,884,303.5,0.0259
188276460.png,remove_small,2,880,302.12,0.0259
189069707.png,raw,1,245,84.11,0.0001
189069707.png,raw,2,284,97.5,0.0001
189069707.png,raw,3,450,154.5,0.0001
189069707.png,remove_small,1,245,84.11,0.0259
189069707.png,remove_small,2,284,97.5,0.0259
189069707.png,remove_small,3,450,154.5,0.0259
191553069.png,raw,1,328,112.61,0.0002
191553069.png,remove_small,1,328,112.61,0.0254
192521969.png,raw,1,338,116.04,0.0001
192521969.png,raw,2,47,16.14,0.0001
192521969.png,raw,3,245,84.11,0.0001
192521969.png,remove_small,1,338,116.04,0.0287
192521969.png,remove_small,2,245,84.11,0.0287
192674963.png,raw,1,68,23.35,0.0001
193310664.png,raw,1,529,181.62,0.0001
193310664.png,remove_small,1,529,181.62,0.0259
193668755.png,raw,1,585,200.84,0.0001
193668755.png,remove_small,1,585,200.84,0.0262
193674783.png,raw,1,366,125.66,0.0002
193674783.png,remove_small,1,366,125.66,0.0273
193674785.png,raw,1,940,322.72,0.0001
193674785.png,raw,2,332,113.98,0.0001
193674785.png,remove_small,1,940,322.72,0.0243
193674785.png,remove_small,2,332,113.98,0.0243
193749154.png,raw,1,1,0.34,0.0002
193800924.png,raw,1,461,158.27,0.0002
193800924.png,raw,2,543,186.42,0.0002
193800924.png,raw,3,624,214.23,0.0002
193800924.png,raw,4,622,213.55,0.0002
193800924.png,remove_small,1,461,158.27,0.0254
193800924.png,remove_small,2,543,186.42,0.0254
193800924.png,remove_small,3,624,214.23,0.0254
193800924.png,remove_small,4,622,213.55,0.0254
193800926.png,raw,1,316,108.49,0.0001
193800926.png,remove_small,1,316,108.49,0.0256
194137597.png,raw,1,498,170.97,0.0002
194137597.png,raw,2,282,96.82,0.0002
194137597.png,remove_small,1,498,170.97,0.0253
194137597.png,remove_small,2,282,96.82,0.0253
194168996.png,raw,1,380,130.46,0.0002
194168996.png,raw,2,417,143.17,0.0002
194168996.png,remove_small,1,380,130.46,0.0281
194168996.png,remove_small,2,417,143.17,0.0281
194273073.png,raw,1,605,207.71,0.0002
194273073.png,raw,2,658,225.91,0.0002
194273073.png,remove_small,1,605,207.71,0.0249
194273073.png,remove_small,2,658,225.91,0.0249
194899595.png,raw,1,630,216.29,0.0001
194899595.png,remove_small,1,630,216.29,0.0258
195859545.png,raw,1,421,144.54,0.0001
195859545.png,raw,2,330,113.3,0.0001
195859545.png,remove_small,1,421,144.54,0.0252
195859545.png,remove_small,2,330,113.3,0.0252
196653289.png,raw,1,409,140.42,0.0002
196653289.png,raw,2,416,142.82,0.0002
196653289.png,remove_small,1,409,140.42,0.0255
196653289.png,remove_small,2,416,142.82,0.0255
197236390.png,raw,1,4,1.37,0.0001
197236390.png,raw,2,490,168.23,0.0001
197236390.png,raw,3,394,135.27,0.0001
197236390.png,raw,4,185,63.51,0.0001
197236390.png,raw,5,302,103.68,0.0001
197236390.png,raw,6,412,141.45,0.0001
197236390.png,raw,7,598,205.31,0.0001
197236390.png,remove_small,1,490,168.23,0.0288
197236390.png,remove_small,2,394,135.27,0.0288
197236390.png,remove_small,3,185,63.51,0.0288
197236390.png,remove_small,4,302,103.68,0.0288
197236390.png,remove_small,5,412,141.45,0.0288
197236390.png,remove_small,6,598,205.31,0.0288
197950803.png,raw,1,107,36.74,0.0002
197950803.png,raw,2,826,283.58,0.0002
197950803.png,raw,3,682,234.15,0.0002
197950803.png,raw,4,981,336.8,0.0002
197950803.png,remove_small,1,107,36.74,0.0326
197950803.png,remove_small,2,826,283.58,0.0326
197950803.png,remove_small,3,682,234.15,0.0326
197950803.png,remove_small,4,981,336.8,0.0326
198381585.png,raw,1,623,213.89,0.0001
198381585.png,raw,2,90,30.9,0.0001
198381585.png,raw,3,567,194.66,0.0001
198381585.png,raw,4,1170,401.69,0.0001
198381585.png,remove_small,1,623,213.89,0.0256
198381585.png,remove_small,2,567,194.66,0.0256
198381585.png,remove_small,3,1170,401.69,0.0256
198903005.png,raw,1,510,175.09,0.0001
198903005.png,raw,2,872,299.38,0.0001
198903005.png,raw,3,909,312.08,0.0001
198903005.png,remove_small,1,510,175.09,0.0255
198903005.png,remove_small,2,872,299.38,0.0255
198903005.png,remove_small,3,909,312.08,0.0255
198903006.png,raw,1,351,120.51,0.0001
198903006.png,raw,2,883,303.15,0.0001
198903006.png,raw,3,974,334.4,0.0001
198903006.png,remove_small,1,351,120.51,0.0244
198903006.png,remove_small,2,883,303.15,0.0244
198903006.png,remove_small,3,974,334.4,0.0244
198903007.png,raw,1,648,222.47,0.0001
198903007.png,raw,2,824,282.9,0.0001
198903007.png,raw,3,693,237.92,0.0001
198903007.png,remove_small,1,648,222.47,0.0248
198903007.png,remove_small,2,824,282.9,0.0248
198903007.png,remove_small,3,693,237.92,0.0248
198903008.png,raw,1,630,216.29,0.0001
198903008.png,raw,2,810,278.09,0.0001
198903008.png,raw,3,884,303.5,0.0001
198903008.png,remove_small,1,630,216.29,0.0247
198903008.png,remove_small,2,810,278.09,0.0247
198903008.png,remove_small,3,884,303.5,0.0247
198903009.png,raw,1,525,180.24,0.0001
198903009.png,raw,2,940,322.72,0.0001
198903009.png,raw,3,844,289.76,0.0001
198903009.png,remove_small,1,525,180.24,0.0243
198903009.png,remove_small,2,940,322.72,0.0243
198903009.png,remove_small,3,844,289.76,0.0243
198903010.png,raw,1,419,143.85,0.0001
198903010.png,raw,2,891,305.9,0.0001
198903010.png,raw,3,879,301.78,0.0001
198903010.png,remove_small,1,419,143.85,0.0277
198903010.png,remove_small,2,891,305.9,0.0277
198903010.png,remove_small,3,879,301.78,0.0277
198903011.png,raw,1,617,211.83,0.0001
198903011.png,raw,2,824,282.9,0.0001
198903011.png,raw,3,760,260.93,0.0001
198903011.png,remove_small,1,617,211.83,0.028
198903011.png,remove_small,2,824,282.9,0.028
198903011.png,remove_small,3,760,260.93,0.028
198903012.png,raw,1,720,247.19,0.0002
198903012.png,raw,2,865,296.97,0.0002
198903012.png,raw,3,685,235.18,0.0002
198903012.png,remove_small,1,720,247.19,0.0259
198903012.png,remove_small,2,865,296.97,0.0259
198903012.png,remove_small,3,685,235.18,0.0259
198918644.png,raw,1,28,9.61,0.0001
198922257.png,raw,1,133,45.66,0.0002
198922257.png,raw,2,586,201.19,0.0002
198922257.png,remove_small,1,133,45.66,0.0257
198922257.png,remove_small,2,586,201.19,0.0257
199045332.png,raw,1,511,175.44,0.0002
199045332.png,remove_small,1,511,175.44,0.0344
199291656.png,raw,1,353,121.19,0.0001
199291656.png,raw,2,325,111.58,0.0001
199291656.png,raw,3,321,110.21,0.0001
199291656.png,raw,4,174,59.74,0.0001
199291656.png,remove_small,1,353,121.19,0.0261
199291656.png,remove_small,2,325,111.58,0.0261
199291656.png,remove_small,3,321,110.21,0.0261
199291656.png,remove_small,4,174,59.74,0.0261
199522625.png,raw,1,15,5.15,0.0001
200354261.png,raw,1,575,197.41,0.0001
200354261.png,raw,2,143,49.1,0.0001
200354261.png,remove_small,1,575,197.41,0.0253
200354261.png,remove_small,2,143,49.1,0.0253
201693082.png,raw,1,663,227.62,0.0001
201693082.png,raw,2,1008,346.07,0.0001
201693082.png,remove_small,1,663,227.62,0.0257
201693082.png,remove_small,2,1008,346.07,0.0257
202157691.png,raw,1,208,71.41,0.0002
202157691.png,raw,2,739,253.72,0.0002
202157691.png,raw,3,616,211.49,0.0002
202157691.png,remove_small,1,208,71.41,0.0273
202157691.png,remove_small,2,739,253.72,0.0273
202157691.png,remove_small,3,616,211.49,0.0273
202164315.png,raw,1,384,131.84,0.0001
202164315.png,remove_small,1,379,130.12,0.0283
202422250.png,raw,1,603,207.02,0.0002
202422250.png,remove_small,1,603,207.02,0.0269
202619448.png,raw,1,402,138.02,0.0002
202619448.png,remove_small,1,402,138.02,0.0249
202747445.png,raw,1,1412,484.77,0.0001
202747445.png,raw,2,1278,438.77,0.0001
202747445.png,raw,3,1237,424.69,0.0001
202747445.png,raw,4,1337,459.02,0.0001
202747445.png,remove_small,1,1412,484.77,0.0255
202747445.png,remove_small,2,1278,438.77,0.0255
202747445.png,remove_small,3,1237,424.69,0.0255
202747445.png,remove_small,4,1337,459.02,0.0255
202837119.png,raw,1,887,304.53,0.0001
202837119.png,raw,2,740,254.06,0.0001
202837119.png,remove_small,1,887,304.53,0.0253
202837119.png,remove_small,2,740,254.06,0.0253
203442741.png,raw,1,66,22.66,0.0001
204125430.png,raw,1,436,149.69,0.0001
204125430.png,raw,2,551,189.17,0.0001
204125430.png,remove_small,1,436,149.69,0.0253
204125430.png,remove_small,2,551,189.17,0.0253
204138763.png,raw,1,617,211.83,0.0001
204138763.png,raw,2,645,221.44,0.0001
204138763.png,remove_small,1,617,211.83,0.0269
204138763.png,remove_small,2,645,221.44,0.0269
204487130.png,raw,1,551,189.17,0.0001
204487130.png,raw,2,596,204.62,0.0001
204487130.png,remove_small,1,551,189.17,0.027
204487130.png,remove_small,2,596,204.62,0.027
204488197.png,raw,1,4,1.37,0.0001
204515553.png,raw,1,448,153.81,0.0001
204515553.png,raw,2,579,198.78,0.0001
204515553.png,raw,3,627,215.26,0.0001
204515553.png,remove_small,1,448,153.81,0.0247
204515553.png,remove_small,2,579,198.78,0.0247
204515553.png,remove_small,3,627,215.26,0.0247
205969534.png,raw,1,12,4.12,0.0001
206289192.png,raw,1,1629,559.27,0.0001
206289192.png,raw,2,3,1.03,0.0001
206289192.png,raw,3,1148,394.13,0.0001
206289192.png,raw,4,408,140.08,0.0001
206289192.png,remove_small,1,1629,559.27,0.0256
206289192.png,remove_small,2,1148,394.13,0.0256
206289192.png,remove_small,3,408,140.08,0.0256
206743100.png,raw,1,362,124.28,0.0001
206743100.png,remove_small,1,362,124.28,0.0264
207792291.png,raw,1,412,141.45,0.0001
207792291.png,raw,2,497,170.63,0.0001
207792291.png,remove_small,1,412,141.45,0.0249
207792291.png,remove_small,2,497,170.63,0.0249
207793435.png,raw,1,518,177.84,0.0001
207793435.png,raw,2,348,119.48,0.0001
207793435.png,remove_small,1,518,177.84,0.0252
207793435.png,remove_small,2,348,119.48,0.0252
207813370.png,raw,1,511,175.44,0.0001
207813370.png,raw,2,495,169.94,0.0001
207813370.png,remove_small,1,511,175.44,0.0258
207813370.png,remove_small,2,495,169.94,0.0258
210710955.png,raw,1,452,155.18,0.0002
210710955.png,raw,2,412,141.45,0.0002
210710955.png,remove_small,1,452,155.18,0.0244
210710955.png,remove_small,2,412,141.45,0.0244
211050906.png,raw,1,605,207.71,0.0002
211050906.png,raw,2,617,211.83,0.0002
211050906.png,remove_small,1,605,207.71,0.026
211050906.png,remove_small,2,617,211.83,0.026
215601263.png,raw,1,371,127.37,0.0002
215601263.png,raw,2,506,173.72,0.0002
215601263.png,remove_small,1,371,127.37,0.0257
215601263.png,remove_small,2,506,173.72,0.0257
216681236.png,raw,1,324,111.24,0.0002
216681236.png,raw,2,583,200.16,0.0002
216681236.png,remove_small,1,324,111.24,0.0255
216681236.png,remove_small,2,583,200.16,0.0255
216681241.png,raw,1,395,135.61,0.0001
216681241.png,raw,2,556,190.89,0.0001
216681241.png,remove_small,1,395,135.61,0.0271
216681241.png,remove_small,2,556,190.89,0.0271
217777228.png,raw,1,377,129.43,0.0002
217777228.png,raw,2,42,14.42,0.0002
217777228.png,remove_small,1,377,129.43,0.0271
218758756.png,raw,1,9,3.09,0.0002
218758756.png,raw,2,28,9.61,0.0002
218758756.png,raw,3,249,85.49,0.0002
218758756.png,raw,4,268,92.01,0.0002
218758756.png,remove_small,1,249,85.49,0.0248
218758756.png,remove_small,2,268,92.01,0.0248
219167944.png,raw,1,207,71.07,0.0001
219167944.png,raw,2,92,31.59,0.0001
219167944.png,remove_small,1,207,71.07,0.0248
220383095.png,raw,1,1351,463.83,0.0002
220383095.png,remove_small,1,1351,463.83,0.0254
224581792.png,raw,1,1011,347.1,0.0001
224581792.png,raw,2,1055,362.21,0.0001
224581792.png,remove_small,1,1011,347.1,0.0264
224581792.png,remove_small,2,1055,362.21,0.0264
226408613.png,raw,1,286,98.19,0.0001
226408613.png,remove_small,1,286,98.19,0.0266
22690852.png,raw,1,862,295.94,0.0001
22690852.png,raw,2,828,284.27,0.0001
22690852.png,remove_small,1,862,295.94,0.0258
22690852.png,remove_small,2,828,284.27,0.0258
22761692.png,raw,1,1244,427.09,0.0001
22761692.png,raw,2,1244,427.09,0.0001
22761692.png,remove_small,1,1244,427.09,0.0252
22761692.png,remove_small,2,1244,427.09,0.0252
22761839.png,raw,1,374,128.4,0.0001
22761839.png,raw,2,2027,695.92,0.0001
22761839.png,raw,3,1601,549.66,0.0001
22761839.png,raw,4,1162,398.94,0.0001
22761839.png,raw,5,940,322.72,0.0001
22761839.png,remove_small,1,374,128.4,0.0315
22761839.png,remove_small,2,2027,695.92,0.0315
22761839.png,remove_small,3,1601,549.66,0.0315
22761839.png,remove_small,4,1162,398.94,0.0315
22761839.png,remove_small,5,940,322.72,0.0315
22767509.png,raw,1,2149,737.8,0.0002
22767509.png,raw,2,1197,410.96,0.0002
22767509.png,remove_small,1,2149,737.8,0.026
22767509.png,remove_small,2,1197,410.96,0.026
22768128.png,raw,1,81,27.81,0.0002
22796434.png,raw,1,897,307.96,0.0002
22796434.png,raw,2,814,279.46,0.0002
22796434.png,remove_small,1,897,307.96,0.0267
22796434.png,remove_small,2,814,279.46,0.0267
22901676.png,raw,1,197,67.63,0.0002
22901676.png,remove_small,1,197,67.63,0.0314
22944791.png,raw,1,815,279.81,0.0002
22944791.png,remove_small,1,815,279.81,0.0263
229500139.png,raw,1,699,239.98,0.0002
229500139.png,raw,2,281,96.47,0.0002
229500139.png,remove_small,1,699,239.98,0.0268
229500139.png,remove_small,2,281,96.47,0.0268
22960406.png,raw,1,539,185.05,0.0001
22960406.png,raw,2,961,329.93,0.0001
22960406.png,remove_small,1,539,185.05,0.0274
22960406.png,remove_small,2,961,329.93,0.0274
22973052.png,raw,1,1346,462.11,0.0001
22973052.png,raw,2,1308,449.07,0.0001
22973052.png,raw,3,1521,522.19,0.0001
22973052.png,remove_small,1,1346,462.11,0.0271
22973052.png,remove_small,2,1308,449.07,0.0271
22973052.png,remove_small,3,1521,522.19,0.0271
23064345.png,raw,1,662,227.28,0.0002
23064345.png,raw,2,657,225.56,0.0002
23064345.png,remove_small,1,662,227.28,0.0252
23064345.png,remove_small,2,657,225.56,0.0252
23067006.png,raw,1,1522,522.54,0.0001
23067006.png,raw,2,517,177.5,0.0001
23067006.png,raw,3,609,209.08,0.0001
23067006.png,remove_small,1,1522,522.54,0.0256
23067006.png,remove_small,2,517,177.5,0.0256
23067006.png,remove_small,3,609,209.08,0.0256
23074221.png,raw,1,3,1.03,0.0002
23084417.png,raw,1,218,74.84,0.0001
23084417.png,remove_small,1,218,74.84,0.0248
23084554.png,raw,1,811,278.43,0.0001
23084554.png,raw,2,480,164.79,0.0001
23084554.png,remove_small,1,811,278.43,0.0251
23084554.png,remove_small,2,480,164.79,0.0251
23098846.png,raw,1,607,208.4,0.0002
23098846.png,raw,2,895,307.27,0.0002
23098846.png,raw,3,63,21.63,0.0002
23098846.png,remove_small,1,607,208.4,0.0267
23098846.png,remove_small,2,895,307.27,0.0267
231006626.png,raw,1,669,229.68,0.0001
231006626.png,remove_small,1,669,229.68,0.0273
23117075.png,raw,1,1042,357.74,0.0001
23117075.png,remove_small,1,1042,357.74,0.0267
23135618.png,raw,1,1053,361.52,0.0002
23135618.png,raw,2,396,135.96,0.0002
23135618.png,raw,3,700,240.33,0.0002
23135618.png,raw,4,791,271.57,0.0002
23135618.png,remove_small,1,1053,361.52,0.0279
23135618.png,remove_small,2,396,135.96,0.0279
23135618.png,remove_small,3,700,240.33,0.0279
23135618.png,remove_small,4,791,271.57,0.0279
23140544.png,raw,1,859,294.91,0.0001
23140544.png,raw,2,963,330.62,0.0001
23140544.png,remove_small,1,859,294.91,0.0341
23140544.png,remove_small,2,963,330.62,0.0341
23141083.png,raw,1,352,120.85,0.0001
23141083.png,raw,2,479,164.45,0.0001
23141083.png,raw,3,280,96.13,0.0001
23141083.png,remove_small,1,352,120.85,0.0256
23141083.png,remove_small,2,479,164.45,0.0256
23141083.png,remove_small,3,280,96.13,0.0256
231440588.png,raw,1,251,86.17,0.0002
231440588.png,raw,2,314,107.8,0.0002
231440588.png,remove_small,1,251,86.17,0.0254
231440588.png,remove_small,2,314,107.8,0.0254
23192640.png,raw,1,1056,362.55,0.0003
23192640.png,remove_small,1,1056,362.55,0.0269
23193765.png,raw,1,508,174.41,0.0002
23193765.png,raw,2,482,165.48,0.0002
23193765.png,raw,3,389,133.55,0.0002
23193765.png,remove_small,1,508,174.41,0.0278
23193765.png,remove_small,2,482,165.48,0.0278
23193765.png,remove_small,3,389,133.55,0.0278
23284340.png,raw,1,1090,374.22,0.0002
23284340.png,raw,2,258,88.58,0.0002
23284340.png,raw,3,407,139.73,0.0002
23284340.png,raw,4,1379,473.44,0.0002
23284340.png,raw,5,1709,586.74,0.0002
23284340.png,remove_small,1,1090,374.22,0.0253
23284340.png,remove_small,2,258,88.58,0.0253
23284340.png,remove_small,3,407,139.73,0.0253
23284340.png,remove_small,4,1379,473.44,0.0253
23284340.png,remove_small,5,1709,586.74,0.0253
233403309.png,raw,1,138,47.38,0.0002
233403309.png,remove_small,1,138,47.38,0.0288
23350554.png,raw,1,408,140.08,0.0002
23350554.png,raw,2,1956,671.54,0.0002
23350554.png,raw,3,1684,578.16,0.0002
23350554.png,remove_small,1,408,140.08,0.0255
23350554.png,remove_small,2,1956,671.54,0.0255
23350554.png,remove_small,3,1684,578.16,0.0255
233748792.png,raw,1,539,185.05,0.0002
233748792.png,raw,2,582,199.81,0.0002
233748792.png,remove_small,1,539,185.05,0.0257
233748792.png,remove_small,2,582,199.81,0.0257
23380800.png,raw,1,62,21.29,0.0001
23380800.png,raw,2,437,150.03,0.0001
23380800.png,raw,3,446,153.12,0.0001
23380800.png,raw,4,908,311.74,0.0001
23380800.png,raw,5,1867,640.98,0.0001
23380800.png,remove_small,1,437,150.03,0.0251
23380800.png,remove_small,2,446,153.12,0.0251
23380800.png,remove_small,3,908,311.74,0.0251
23380800.png,remove_small,4,1867,640.98,0.0251
233950208.png,raw,1,1855,636.86,0.0002
233950208.png,raw,2,949,325.81,0.0002
233950208.png,raw,3,957,328.56,0.0002
233950208.png,remove_small,1,1855,636.86,0.0334
233950208.png,remove_small,2,949,325.81,0.0334
233950208.png,remove_small,3,957,328.56,0.0334
23414063.png,raw,1,520,178.53,0.0001
23414063.png,remove_small,1,520,178.53,0.0279
23440649.png,raw,1,505,173.38,0.0001
23440649.png,raw,2,384,131.84,0.0001
23440649.png,raw,3,105,36.05,0.0001
23440649.png,remove_small,1,505,173.38,0.0282
23440649.png,remove_small,2,384,131.84,0.0282
23440649.png,remove_small,3,105,36.05,0.0282
23463485.png,raw,1,456,156.56,0.0002
23463485.png,raw,2,581,199.47,0.0002
23463485.png,remove_small,1,456,156.56,0.0249
23463485.png,remove_small,2,581,199.47,0.0249
23492778.png,raw,1,491,168.57,0.0002
23492778.png,remove_small,1,491,168.57,0.0266
23583867.png,raw,1,2427,833.24,0.0002
23583867.png,raw,2,2788,957.18,0.0002
23583867.png,remove_small,1,2427,833.24,0.0243
23583867.png,remove_small,2,2788,957.18,0.0243
23640532.png,raw,1,626,214.92,0.0001
23640532.png,raw,2,693,237.92,0.0001
23640532.png,remove_small,1,626,214.92,0.025
23640532.png,remove_small,2,693,237.92,0.025
23641079.png,raw,1,1248,428.47,0.0001
23641079.png,raw,2,1564,536.96,0.0001
23641079.png,remove_small,1,1248,428.47,0.0249
23641079.png,remove_small,2,1564,536.96,0.0249
23706799.png,raw,1,281,96.47,0.0002
23706799.png,raw,2,361,123.94,0.0002
23706799.png,remove_small,1,281,96.47,0.0272
23706799.png,remove_small,2,361,123.94,0.0272
237419950.png,raw,1,685,235.18,0.0002
237419950.png,raw,2,767,263.33,0.0002
237419950.png,raw,3,547,187.8,0.0002
237419950.png,remove_small,1,685,235.18,0.0276
237419950.png,remove_small,2,767,263.33,0.0276
237419950.png,remove_small,3,547,187.8,0.0276
23744346.png,raw,1,3850,1321.79,0.0001
23744346.png,remove_small,1,3850,1321.79,0.0256
23783778.png,raw,1,309,106.09,0.0001
23783778.png,remove_small,1,309,106.09,0.0247
23789696.png,raw,1,355,121.88,0.0001
23789696.png,raw,2,545,187.11,0.0001
23789696.png,remove_small,1,355,121.88,0.0248
23789696.png,remove_small,2,545,187.11,0.0248
23799751.png,raw,1,248,85.14,0.0001
23799751.png,raw,2,464,159.3,0.0001
23799751.png,remove_small,1,248,85.14,0.0246
23799751.png,remove_small,2,464,159.3,0.0246
23881272.png,raw,1,1193,409.58,0.0002
23881272.png,raw,2,1346,462.11,0.0002
23881272.png,raw,3,984,337.83,0.0002
23881272.png,remove_small,1,1193,409.58,0.0259
23881272.png,remove_small,2,1346,462.11,0.0259
23881272.png,remove_small,3,984,337.83,0.0259
238987035.png,raw,1,37,12.7,0.0002
23907283.png,raw,1,627,215.26,0.0001
23907283.png,remove_small,1,627,215.26,0.0258
23912112.png,raw,1,564,193.63,0.0002
23912112.png,raw,2,537,184.36,0.0002
23912112.png,remove_small,1,564,193.63,0.0329
23912112.png,remove_small,2,537,184.36,0.0329
239171126.png,raw,1,415,142.48,0.0002
239171126.png,raw,2,526,180.59,0.0002
239171126.png,remove_small,1,415,142.48,0.0283
239171126.png,remove_small,2,526,180.59,0.0283
239342509.png,raw,1,362,124.28,0.0002
239342509.png,raw,2,271,93.04,0.0002
239342509.png,remove_small,1,362,124.28,0.0263
239342509.png,remove_small,2,271,93.04,0.0263
24042358.png,raw,1,1038,356.37,0.0001
24042358.png,raw,2,895,307.27,0.0001
24042358.png,raw,3,1244,427.09,0.0001
24042358.png,raw,4,919,315.51,0.0001
24042358.png,remove_small,1,1038,356.37,0.0259
24042358.png,remove_small,2,895,307.27,0.0259
24042358.png,remove_small,3,1244,427.09,0.0259
24042358.png,remove_small,4,919,315.51,0.0259
24052090.png,raw,1,2,0.69,0.0001
24052090.png,raw,2,112,38.45,0.0001
24052090.png,raw,3,67,23.0,0.0001
24052090.png,raw,4,618,212.17,0.0001
24052090.png,raw,5,661,226.94,0.0001
24052090.png,remove_small,1,112,38.45,0.0288
24052090.png,remove_small,2,618,212.17,0.0288
24052090.png,remove_small,3,661,226.94,0.0288
24052130.png,raw,1,534,183.33,0.0002
24052130.png,raw,2,582,199.81,0.0002
24052130.png,raw,3,880,302.12,0.0002
24052130.png,remove_small,1,534,183.33,0.0255
24052130.png,remove_small,2,582,199.81,0.0255
24052130.png,remove_small,3,880,302.12,0.0255
24055189.png,raw,1,289,99.22,0.0001
24055189.png,raw,2,542,186.08,0.0001
24055189.png,raw,3,261,89.61,0.0001
24055189.png,raw,4,293,100.59,0.0001
24055189.png,remove_small,1,289,99.22,0.0259
24055189.png,remove_small,2,542,186.08,0.0259
24055189.png,remove_small,3,261,89.61,0.0259
24055189.png,remove_small,4,293,100.59,0.0259
24060456.png,raw,1,595,204.28,0.0001
24060456.png,raw,2,780,267.79,0.0001
24060456.png,raw,3,699,239.98,0.0001
24060456.png,remove_small,1,595,204.28,0.0265
24060456.png,remove_small,2,780,267.79,0.0265
24060456.png,remove_small,3,699,239.98,0.0265
24074187.png,raw,1,324,111.24,0.0002
24074187.png,raw,2,690,236.89,0.0002
24074187.png,remove_small,1,324,111.24,0.0256
24074187.png,remove_small,2,690,236.89,0.0256
24158385.png,raw,1,843,289.42,0.0002
24158385.png,raw,2,601,206.34,0.0002
24158385.png,raw,3,1142,392.07,0.0002
24158385.png,remove_small,1,843,289.42,0.0273
24158385.png,remove_small,2,601,206.34,0.0273
24158385.png,remove_small,3,1142,392.07,0.0273
241976797.png,raw,1,442,151.75,0.0002
241976797.png,raw,2,534,183.33,0.0002
241976797.png,raw,3,254,87.2,0.0002
241976797.png,raw,4,464,159.3,0.0002
241976797.png,remove_small,1,442,151.75,0.0268
241976797.png,remove_small,2,534,183.33,0.0268
241976797.png,remove_small,3,254,87.2,0.0268
241976797.png,remove_small,4,464,159.3,0.0268
24229852.png,raw,1,369,126.69,0.0001
24229852.png,raw,2,89,30.56,0.0001
24229852.png,raw,3,205,70.38,0.0001
24229852.png,raw,4,54,18.54,0.0001
24229852.png,remove_small,1,369,126.69,0.0252
24229852.png,remove_small,2,205,70.38,0.0252
24230738.png,raw,1,1409,483.74,0.0002
24230738.png,raw,2,1042,357.74,0.0002
24230738.png,raw,3,838,287.7,0.0002
24230738.png,raw,4,936,321.35,0.0002
24230738.png,remove_small,1,1409,483.74,0.0261
24230738.png,remove_small,2,1042,357.74,0.0261
24230738.png,remove_small,3,838,287.7,0.0261
24230738.png,remove_small,4,936,321.35,0.0261
24237879.png,raw,1,1734,595.32,0.0002
24237879.png,raw,2,1648,565.8,0.0002
24237879.png,remove_small,1,1734,595.32,0.0266
24237879.png,remove_small,2,1648,565.8,0.0266
24239476.png,raw,1,507,174.06,0.0002
24239476.png,raw,2,408,140.08,0.0002
24239476.png,remove_small,1,507,174.06,0.0324
24239476.png,remove_small,2,408,140.08,0.0324
24239518.png,raw,1,494,169.6,0.0001
24239518.png,raw,2,96,32.96,0.0001
24239518.png,remove_small,1,494,169.6,0.0273
24240391.png,raw,1,568,195.01,0.0002
24240391.png,raw,2,355,121.88,0.0002
24240391.png,remove_small,1,568,195.01,0.0269
24240391.png,remove_small,2,355,121.88,0.0269
24258096.png,raw,1,204,70.04,0.0001
24258096.png,raw,2,643,220.76,0.0001
24258096.png,raw,3,603,207.02,0.0001
24258096.png,raw,4,103,35.36,0.0001
24258096.png,remove_small,1,204,70.04,0.0251
24258096.png,remove_small,2,643,220.76,0.0251
24258096.png,remove_small,3,603,207.02,0.0251
24258096.png,remove_small,4,103,35.36,0.0251
242590156.png,raw,1,274,94.07,0.0001
242590156.png,remove_small,1,274,94.07,0.0251
24262656.png,raw,1,1177,404.09,0.0002
24262656.png,raw,2,1615,554.47,0.0002
24262656.png,remove_small,1,1177,404.09,0.0247
24262656.png,remove_small,2,1615,554.47,0.0247
24264701.png,raw,1,1814,622.79,0.0002
24264701.png,raw,2,2264,777.28,0.0002
24264701.png,raw,3,2269,779.0,0.0002
24264701.png,raw,4,1203,413.02,0.0002
24264701.png,remove_small,1,1814,622.79,0.0253
24264701.png,remove_small,2,2264,777.28,0.0253
24264701.png,remove_small,3,2269,779.0,0.0253
24264701.png,remove_small,4,1203,413.02,0.0253
24267175.png,raw,1,657,225.56,0.0001
24267175.png,raw,2,768,263.67,0.0001
24267175.png,raw,3,729,250.28,0.0001
24267175.png,remove_small,1,657,225.56,0.0253
24267175.png,remove_small,2,768,263.67,0.0253
24267175.png,remove_small,3,729,250.28,0.0253
24267200.png,raw,1,771,264.7,0.0002
24267200.png,raw,2,736,252.69,0.0002
24267200.png,raw,3,735,252.34,0.0002
24267200.png,remove_small,1,771,264.7,0.0259
24267200.png,remove_small,2,736,252.69,0.0259
24267200.png,remove_small,3,735,252.34,0.0259
24268944.png,raw,1,1122,385.21,0.0002
24268944.png,raw,2,1474,506.06,0.0002
24268944.png,remove_small,1,1122,385.21,0.0263
24268944.png,remove_small,2,1474,506.06,0.0263
24269027.png,raw,1,613,210.46,0.0001
24269027.png,remove_small,1,613,210.46,0.0257
242756113.png,raw,1,4144,1422.73,0.0002
242756113.png,raw,2,1483,509.15,0.0002
242756113.png,remove_small,1,4144,1422.73,0.0288
242756113.png,remove_small,2,1483,509.15,0.0288
24280460.png,raw,1,657,225.56,0.0001
24280460.png,raw,2,101,34.68,0.0001
24280460.png,remove_small,1,657,225.56,0.0292
24280460.png,remove_small,2,101,34.68,0.0292
24349425.png,raw,1,613,210.46,0.0002
24349425.png,raw,2,8,2.75,0.0002
24349425.png,remove_small,1,613,210.46,0.0336
243612271.png,raw,1,533,182.99,0.0002
243612271.png,raw,2,640,219.73,0.0002
243612271.png,remove_small,1,533,182.99,0.0265
243612271.png,remove_small,2,640,219.73,0.0265
244138569.png,raw,1,761,261.27,0.0001
244138569.png,raw,2,912,313.11,0.0001
244138569.png,raw,3,912,313.11,0.0001
244138569.png,remove_small,1,761,261.27,0.0255
244138569.png,remove_small,2,912,313.11,0.0255
244138569.png,remove_small,3,912,313.11,0.0255
24413992.png,raw,1,1437,493.35,0.0001
24413992.png,raw,2,725,248.91,0.0001
24413992.png,raw,3,876,300.75,0.0001
24413992.png,remove_small,1,1437,493.35,0.0283
24413992.png,remove_small,2,725,248.91,0.0283
24413992.png,remove_small,3,876,300.75,0.0283
24414688.png,raw,1,977,335.43,0.0002
24414688.png,raw,2,875,300.41,0.0002
24414688.png,raw,3,372,127.72,0.0002
24414688.png,raw,4,616,211.49,0.0002
24414688.png,raw,5,521,178.87,0.0002
24414688.png,remove_small,1,977,335.43,0.0261
24414688.png,remove_small,2,875,300.41,0.0261
24414688.png,remove_small,3,372,127.72,0.0261
24414688.png,remove_small,4,616,211.49,0.0261
24414688.png,remove_small,5,521,178.87,0.0261
24415232.png,raw,1,894,306.93,0.0002
24415232.png,raw,2,866,297.32,0.0002
24415232.png,remove_small,1,894,306.93,0.0257
24415232.png,remove_small,2,866,297.32,0.0257
244173949.png,raw,1,683,234.49,0.0001
244173949.png,remove_small,1,683,234.49,0.0256
24437119.png,raw,1,45,15.45,0.0001
24437119.png,raw,2,361,123.94,0.0001
24437119.png,remove_small,1,361,123.94,0.026
24462228.png,raw,1,1045,358.77,0.0002
24462228.png,raw,2,415,142.48,0.0002
24462228.png,raw,3,577,198.1,0.0002
24462228.png,raw,4,516,177.15,0.0002
24462228.png,remove_small,1,1045,358.77,0.026
24462228.png,remove_small,2,415,142.48,0.026
24462228.png,remove_small,3,577,198.1,0.026
24462228.png,remove_small,4,516,177.15,0.026
24462317.png,raw,1,501,172.0,0.0001
24462317.png,raw,2,458,157.24,0.0001
24462317.png,remove_small,1,501,172.0,0.0271
24462317.png,remove_small,2,458,157.24,0.0271
24462426.png,raw,1,437,150.03,0.0001
24462426.png,raw,2,1827,627.25,0.0001
24462426.png,raw,3,1052,361.18,0.0001
24462426.png,raw,4,627,215.26,0.0001
24462426.png,raw,5,1017,349.16,0.0001
24462426.png,raw,6,1141,391.73,0.0001
24462426.png,remove_small,1,437,150.03,0.0249
24462426.png,remove_small,2,1827,627.25,0.0249
24462426.png,remove_small,3,1052,361.18,0.0249
24462426.png,remove_small,4,627,215.26,0.0249
24462426.png,remove_small,5,1017,349.16,0.0249
24462426.png,remove_small,6,1141,391.73,0.0249
244682050.png,raw,1,378,129.78,0.0002
244682050.png,raw,2,964,330.96,0.0002
244682050.png,remove_small,1,378,129.78,0.0256
244682050.png,remove_small,2,964,330.96,0.0256
24478889.png,raw,1,1111,381.43,0.0002
24478889.png,raw,2,2010,690.08,0.0002
24478889.png,remove_small,1,1111,381.43,0.0283
24478889.png,remove_small,2,2010,690.08,0.0283
24479470.png,raw,1,608,208.74,0.0002
24479470.png,raw,2,224,76.9,0.0002
24479470.png,remove_small,1,608,208.74,0.0264
24479470.png,remove_small,2,224,76.9,0.0264
24479820.png,raw,1,484,166.17,0.0001
24479820.png,raw,2,514,176.47,0.0001
24479820.png,remove_small,1,484,166.17,0.0278
24479820.png,remove_small,2,514,176.47,0.0278
24479977.png,raw,1,246,84.46,0.0002
24479977.png,raw,2,342,117.42,0.0002
24479977.png,remove_small,1,246,84.46,0.0254
24479977.png,remove_small,2,342,117.42,0.0254
24479984.png,raw,1,906,311.05,0.0002
24479984.png,raw,2,1088,373.54,0.0002
24479984.png,raw,3,1079,370.45,0.0002
24479984.png,raw,4,555,190.54,0.0002
24479984.png,raw,5,622,213.55,0.0002
24479984.png,remove_small,1,906,311.05,0.025
24479984.png,remove_small,2,1088,373.54,0.025
24479984.png,remove_small,3,1079,370.45,0.025
24479984.png,remove_small,4,555,190.54,0.025
24479984.png,remove_small,5,622,213.55,0.025
24502420.png,raw,1,3305,1134.68,0.0002
24502420.png,raw,2,380,130.46,0.0002
24502420.png,raw,3,79,27.12,0.0002
24502420.png,raw,4,401,137.67,0.0002
24502420.png,raw,5,146,50.13,0.0002
24502420.png,raw,6,1040,357.06,0.0002
24502420.png,raw,7,912,313.11,0.0002
24502420.png,raw,8,3761,1291.24,0.0002
24502420.png,remove_small,1,3305,1134.68,0.0253
24502420.png,remove_small,2,380,130.46,0.0253
24502420.png,remove_small,3,401,137.67,0.0253
24502420.png,remove_small,4,146,50.13,0.0253
24502420.png,remove_small,5,1040,357.06,0.0253
24502420.png,remove_small,6,912,313.11,0.0253
24502420.png,remove_small,7,3761,1291.24,0.0253
24531710.png,raw,1,609,209.08,0.0001
24531710.png,raw,2,542,186.08,0.0001
24531710.png,remove_small,1,609,209.08,0.026
24531710.png,remove_small,2,542,186.08,0.026
24536211.png,raw,1,245,84.11,0.0002
24536211.png,remove_small,1,245,84.11,0.027
24536328.png,raw,1,194,66.6,0.0001
24536328.png,raw,2,51,17.51,0.0001
24536328.png,raw,3,970,333.02,0.0001
24536328.png,raw,4,17,5.84,0.0001
24536328.png,remove_small,1,194,66.6,0.0264
24536328.png,remove_small,2,970,333.02,0.0264
24652261.png,raw,1,482,165.48,0.0002
24652261.png,raw,2,258,88.58,0.0002
24652261.png,remove_small,1,482,165.48,0.0289
24652261.png,remove_small,2,258,88.58,0.0289
24658608.png,raw,1,467,160.33,0.0002
24658608.png,raw,2,370,127.03,0.0002
24658608.png,remove_small,1,467,160.33,0.0253
24658608.png,remove_small,2,370,127.03,0.0253
24685992.png,raw,1,8,2.75,0.0001
24685992.png,raw,2,4,1.37,0.0001
24685992.png,raw,3,2497,857.28,0.0001
24685992.png,remove_small,1,2497,857.28,0.0249
24686640.png,raw,1,773,265.39,0.0002
24686640.png,remove_small,1,773,265.39,0.0258
24686681.png,raw,1,615,211.14,0.0001
24686681.png,raw,2,289,99.22,0.0001
24686681.png,raw,3,380,130.46,0.0001
24686681.png,raw,4,101,34.68,0.0001
24686681.png,remove_small,1,615,211.14,0.0261
24686681.png,remove_small,2,289,99.22,0.0261
24686681.png,remove_small,3,380,130.46,0.0261
24686681.png,remove_small,4,101,34.68,0.0261
24686700.png,raw,1,713,244.79,0.0001
24686700.png,remove_small,1,713,244.79,0.0256
24689165.png,raw,1,44,15.11,0.0002
247047043.png,raw,1,428,146.94,0.0001
247047043.png,raw,2,532,182.65,0.0001
247047043.png,remove_small,1,428,146.94,0.0284
247047043.png,remove_small,2,532,182.65,0.0284
24727406.png,raw,1,353,121.19,0.0001
24727406.png,raw,2,208,71.41,0.0001
24727406.png,remove_small,1,353,121.19,0.0251
24727406.png,remove_small,2,208,71.41,0.0251
24727799.png,raw,1,429,147.29,0.0001
24727799.png,remove_small,1,429,147.29,0.0251
24757392.png,raw,1,337,115.7,0.0002
24757392.png,raw,2,91,31.24,0.0002
24757392.png,raw,3,336,115.36,0.0002
24757392.png,raw,4,475,163.08,0.0002
24757392.png,raw,5,341,117.07,0.0002
24757392.png,raw,6,1011,347.1,0.0002
24757392.png,remove_small,1,337,115.7,0.027
24757392.png,remove_small,2,336,115.36,0.027
24757392.png,remove_small,3,475,163.08,0.027
24757392.png,remove_small,4,341,117.07,0.027
24757392.png,remove_small,5,1011,347.1,0.027
24757833.png,raw,1,1745,599.1,0.0002
24757833.png,remove_small,1,1745,599.1,0.0261
24759324.png,raw,1,769,264.02,0.0002
24759324.png,remove_small,1,769,264.02,0.0279
24762015.png,raw,1,244,83.77,0.0001
24762015.png,raw,2,376,129.09,0.0001
24762015.png,remove_small,1,244,83.77,0.0261
24762015.png,remove_small,2,376,129.09,0.0261
24762218.png,raw,1,313,107.46,0.0001
24762218.png,raw,2,351,120.51,0.0001
24762218.png,remove_small,1,313,107.46,0.0318
24762218.png,remove_small,2,351,120.51,0.0318
24765111.png,raw,1,868,298.0,0.0001
24765111.png,raw,2,77,26.44,0.0001
24765111.png,raw,3,504,173.03,0.0001
24765111.png,raw,4,385,132.18,0.0001
24765111.png,remove_small,1,868,298.0,0.0261
24765111.png,remove_small,2,504,173.03,0.0261
24765111.png,remove_small,3,385,132.18,0.0261
24767088.png,raw,1,265,90.98,0.0002
24767088.png,raw,2,151,51.84,0.0002
24767088.png,remove_small,1,265,90.98,0.0251
24767088.png,remove_small,2,151,51.84,0.0251
24799890.png,raw,1,639,219.38,0.0002
24799890.png,raw,2,22,7.55,0.0002
24799890.png,raw,3,1008,346.07,0.0002
24799890.png,raw,4,730,250.63,0.0002
24799890.png,raw,5,880,302.12,0.0002
24799890.png,remove_small,1,639,219.38,0.0291
24799890.png,remove_small,2,1008,346.07,0.0291
24799890.png,remove_small,3,730,250.63,0.0291
24799890.png,remove_small,4,880,302.12,0.0291
24810622.png,raw,1,126,43.26,0.0002
24810622.png,raw,2,809,277.75,0.0002
24810622.png,remove_small,1,126,43.26,0.0247
24810622.png,remove_small,2,809,277.75,0.0247
24815262.png,raw,1,11,3.78,0.0002
24815262.png,raw,2,1880,645.45,0.0002
24815262.png,raw,3,1532,525.97,0.0002
24815262.png,raw,4,2461,844.92,0.0002
24815262.png,remove_small,1,1880,645.45,0.0245
24815262.png,remove_small,2,1532,525.97,0.0245
24815262.png,remove_small,3,2461,844.92,0.0245
24826003.png,raw,1,279,95.79,0.0002
24826003.png,raw,2,677,232.43,0.0002
24826003.png,raw,3,659,226.25,0.0002
24826003.png,remove_small,1,279,95.79,0.0353
24826003.png,remove_small,2,677,232.43,0.0353
24826003.png,remove_small,3,659,226.25,0.0353
24839976.png,raw,1,651,223.5,0.0001
24839976.png,raw,2,1175,403.4,0.0001
24839976.png,raw,3,781,268.14,0.0001
24839976.png,remove_small,1,651,223.5,0.026
24839976.png,remove_small,2,1175,403.4,0.026
24839976.png,remove_small,3,781,268.14,0.026
24850727.png,raw,1,521,178.87,0.0001
24850727.png,raw,2,214,73.47,0.0001
24850727.png,remove_small,1,521,178.87,0.027
24850727.png,remove_small,2,214,73.47,0.027
24886281.png,raw,1,70,24.03,0.0002
24886281.png,raw,2,143,49.1,0.0002
24886281.png,raw,3,53,18.2,0.0002
24886281.png,remove_small,1,143,49.1,0.0254
24921206.png,raw,1,1847,634.12,0.0002
24921206.png,raw,2,442,151.75,0.0002
24921206.png,remove_small,1,1847,634.12,0.0288
24921206.png,remove_small,2,442,151.75,0.0288
24976300.png,raw,1,275,94.41,0.0003
24976300.png,raw,2,1936,664.67,0.0003
24976300.png,raw,3,1430,490.95,0.0003
24976300.png,raw,4,1378,473.1,0.0003
24976300.png,remove_small,1,275,94.41,0.0325
24976300.png,remove_small,2,1936,664.67,0.0325
24976300.png,remove_small,3,1430,490.95,0.0325
24976300.png,remove_small,4,1378,473.1,0.0325
25032036.png,raw,1,640,219.73,0.0002
25032036.png,raw,2,539,185.05,0.0002
25032036.png,raw,3,298,102.31,0.0002
25032036.png,raw,4,415,142.48,0.0002
25032036.png,raw,5,559,191.92,0.0002
25032036.png,remove_small,1,640,219.73,0.026
25032036.png,remove_small,2,539,185.05,0.026
25032036.png,remove_small,3,298,102.31,0.026
25032036.png,remove_small,4,415,142.48,0.026
25032036.png,remove_small,5,559,191.92,0.026
25032451.png,raw,1,159,54.59,0.0002
25032451.png,remove_small,1,159,54.59,0.0257
25033482.png,raw,1,362,124.28,0.0001
25033482.png,raw,2,220,75.53,0.0001
25033482.png,remove_small,1,362,124.28,0.0297
25033482.png,remove_small,2,220,75.53,0.0297
25033608.png,raw,1,678,232.77,0.0001
25033608.png,remove_small,1,678,232.77,0.025
25038466.png,raw,1,140,48.07,0.0001
25038466.png,raw,2,15,5.15,0.0001
25038466.png,remove_small,1,140,48.07,0.0257
25043127.png,raw,1,2100,720.98,0.0002
25043127.png,remove_small,1,2100,720.98,0.0279
25044557.png,raw,1,1445,496.1,0.0002
25044557.png,remove_small,1,1445,496.1,0.0261
25051358.png,raw,1,586,201.19,0.0002
25051358.png,raw,2,431,147.97,0.0002
25051358.png,remove_small,1,586,201.19,0.0248
25051358.png,remove_small,2,431,147.97,0.0248
25051880.png,raw,1,782,268.48,0.0002
25051880.png,raw,2,1332,457.31,0.0002
25051880.png,raw,3,788,270.54,0.0002
25051880.png,remove_small,1,782,268.48,0.0254
25051880.png,remove_small,2,1332,457.31,0.0254
25051880.png,remove_small,3,788,270.54,0.0254
25057327.png,raw,1,497,170.63,0.0002
25057327.png,raw,2,711,244.1,0.0002
25057327.png,remove_small,1,497,170.63,0.0276
25057327.png,remove_small,2,711,244.1,0.0276
25091023.png,raw,1,309,106.09,0.0002
25091023.png,raw,2,443,152.09,0.0002
25091023.png,remove_small,1,309,106.09,0.0269
25091023.png,remove_small,2,443,152.09,0.0269
25157802.png,raw,1,324,111.24,0.0001
25157802.png,raw,2,98,33.65,0.0001
25157802.png,raw,3,737,253.03,0.0001
25157802.png,remove_small,1,324,111.24,0.0275
25157802.png,remove_small,2,737,253.03,0.0275
25210044.png,raw,1,343,117.76,0.0002
25210044.png,raw,2,220,75.53,0.0002
25210044.png,remove_small,1,343,117.76,0.0268
25210044.png,remove_small,2,220,75.53,0.0268
25211015.png,raw,1,955,327.87,0.0001
25211015.png,raw,2,238,81.71,0.0001
25211015.png,raw,3,146,50.13,0.0001
25211015.png,raw,4,247,84.8,0.0001
25211015.png,remove_small,1,955,327.87,0.0245
25211015.png,remove_small,2,238,81.71,0.0245
25211015.png,remove_small,3,146,50.13,0.0245
25211015.png,remove_small,4,247,84.8,0.0245
25217443.png,raw,1,213,73.13,0.0001
25217443.png,remove_small,1,213,73.13,0.0244
25306752.png,raw,1,815,279.81,0.0001
25306752.png,raw,2,899,308.65,0.0001
25306752.png,raw,3,349,119.82,0.0001
25306752.png,remove_small,1,815,279.81,0.0247
25306752.png,remove_small,2,899,308.65,0.0247
25306752.png,remove_small,3,349,119.82,0.0247
25371276.png,raw,1,447,153.47,0.0001
25371276.png,raw,2,312,107.12,0.0001
25371276.png,remove_small,1,447,153.47,0.027
25371276.png,remove_small,2,312,107.12,0.027
25426571.png,raw,1,443,152.09,0.0001
25426571.png,raw,2,455,156.21,0.0001
25426571.png,raw,3,1021,350.53,0.0001
25426571.png,remove_small,1,443,152.09,0.0259
25426571.png,remove_small,2,455,156.21,0.0259
25426571.png,remove_small,3,1021,350.53,0.0259
254321365.png,raw,1,173,59.39,0.0002
254321365.png,remove_small,1,173,59.39,0.0244
25450571.png,raw,1,165,56.65,0.0001
25450571.png,raw,2,600,205.99,0.0001
25450571.png,raw,3,531,182.3,0.0001
25450571.png,remove_small,1,165,56.65,0.0259
25450571.png,remove_small,2,600,205.99,0.0259
25450571.png,remove_small,3,531,182.3,0.0259
25487161.png,raw,1,241,82.74,0.0001
25487161.png,remove_small,1,241,82.74,0.0261
25506770.png,raw,1,1659,569.57,0.0001
25506770.png,remove_small,1,1659,569.57,0.0267
25617156.png,raw,1,491,168.57,0.0002
25617156.png,raw,2,441,151.41,0.0002
25617156.png,remove_small,1,491,168.57,0.0256
25617156.png,remove_small,2,441,151.41,0.0256
257173673.png,raw,1,152,52.19,0.0001
257173673.png,remove_small,1,152,52.19,0.0256
257429534.png,raw,1,357,122.57,0.0002
257429534.png,remove_small,1,357,122.57,0.0247
257429543.png,raw,1,83,28.5,0.0001
25746125.png,raw,1,246,84.46,0.0001
25746125.png,remove_small,1,246,84.46,0.0261
257476894.png,raw,1,509,174.75,0.0001
257476894.png,raw,2,230,78.96,0.0001
257476894.png,remove_small,1,509,174.75,0.0258
257476894.png,remove_small,2,230,78.96,0.0258
25786404.png,raw,1,466,159.99,0.0003
25786404.png,raw,2,490,168.23,0.0003
25786404.png,remove_small,1,466,159.99,0.0297
25786404.png,remove_small,2,490,168.23,0.0297
25802269.png,raw,1,2697,925.94,0.0002
25802269.png,raw,2,2623,900.54,0.0002
25802269.png,raw,3,202,69.35,0.0002
25802269.png,raw,4,172,59.05,0.0002
25802269.png,remove_small,1,2697,925.94,0.0258
25802269.png,remove_small,2,2623,900.54,0.0258
25802269.png,remove_small,3,202,69.35,0.0258
25802269.png,remove_small,4,172,59.05,0.0258
258068068.png,raw,1,396,135.96,0.0001
258068068.png,raw,2,383,131.49,0.0001
258068068.png,remove_small,1,396,135.96,0.0244
258068068.png,remove_small,2,383,131.49,0.0244
258275257.png,raw,1,1997,685.62,0.0002
258275257.png,raw,2,1489,511.21,0.0002
258275257.png,remove_small,1,1997,685.62,0.0246
258275257.png,remove_small,2,1489,511.21,0.0246
25843016.png,raw,1,913,313.45,0.0001
25843016.png,remove_small,1,913,313.45,0.0244
25943440.png,raw,1,2097,719.95,0.0002
25943440.png,raw,2,980,336.46,0.0002
25943440.png,remove_small,1,2097,719.95,0.0249
25943440.png,remove_small,2,980,336.46,0.0249
25943540.png,raw,1,11,3.78,0.0002
259561755.png,raw,1,1435,492.67,0.0002
259561755.png,raw,2,1592,546.57,0.0002
259561755.png,remove_small,1,1435,492.67,0.0251
259561755.png,remove_small,2,1592,546.57,0.0251
25992879.png,raw,1,53,18.2,0.0001
25992879.png,raw,2,655,224.88,0.0001
25992879.png,raw,3,526,180.59,0.0001
25992879.png,raw,4,601,206.34,0.0001
25992879.png,remove_small,1,655,224.88,0.0298
25992879.png,remove_small,2,526,180.59,0.0298
25992879.png,remove_small,3,601,206.34,0.0298
26245195.png,raw,1,1220,418.85,0.0002
26245195.png,raw,2,3771,1294.67,0.0002
26245195.png,remove_small,1,1220,418.85,0.03
26245195.png,remove_small,2,3771,1294.67,0.03
26260052.png,raw,1,1091,374.57,0.0002
26260052.png,raw,2,1212,416.11,0.0002
26260052.png,raw,3,1226,420.91,0.0002
26260052.png,remove_small,1,1091,374.57,0.0277
26260052.png,remove_small,2,1212,416.11,0.0277
26260052.png,remove_small,3,1226,420.91,0.0277
26291794.png,raw,1,737,253.03,0.0002
26291794.png,raw,2,410,140.76,0.0002
26291794.png,raw,3,2488,854.19,0.0002
26291794.png,remove_small,1,737,253.03,0.0282
26291794.png,remove_small,2,410,140.76,0.0282
26291794.png,remove_small,3,2488,854.19,0.0282
26455019.png,raw,1,1011,347.1,0.0003
26455019.png,raw,2,918,315.17,0.0003
26455019.png,remove_small,1,1011,347.1,0.0268
26455019.png,remove_small,2,918,315.17,0.0268
26456372.png,raw,1,155,53.22,0.0002
26456372.png,raw,2,326,111.92,0.0002
26456372.png,remove_small,1,155,53.22,0.0266
26456372.png,remove_small,2,326,111.92,0.0266
26472665.png,raw,1,1459,500.91,0.0002
26472665.png,raw,2,2064,708.62,0.0002
26472665.png,raw,3,1248,428.47,0.0002
26472665.png,raw,4,1718,589.83,0.0002
26472665.png,remove_small,1,1459,500.91,0.0263
26472665.png,remove_small,2,2064,708.62,0.0263
26472665.png,remove_small,3,1248,428.47,0.0263
26472665.png,remove_small,4,1718,589.83,0.0263
26500346.png,raw,1,752,258.18,0.0001
26500346.png,raw,2,443,152.09,0.0001
26500346.png,raw,3,185,63.51,0.0001
26500346.png,remove_small,1,752,258.18,0.0296
26500346.png,remove_small,2,443,152.09,0.0296
26500346.png,remove_small,3,185,63.51,0.0296
26522694.png,raw,1,416,142.82,0.0002
26522694.png,remove_small,1,416,142.82,0.0254
26593935.png,raw,1,413,141.79,0.0001
26593935.png,raw,2,484,166.17,0.0001
26593935.png,raw,3,828,284.27,0.0001
26593935.png,remove_small,1,413,141.79,0.0242
26593935.png,remove_small,2,484,166.17,0.0242
26593935.png,remove_small,3,828,284.27,0.0242
26593937.png,raw,1,759,260.58,0.0002
26593937.png,raw,2,610,209.43,0.0002
26593937.png,remove_small,1,759,260.58,0.0246
26593937.png,remove_small,2,610,209.43,0.0246
26661868.png,raw,1,487,167.2,0.0002
26661868.png,raw,2,504,173.03,0.0002
26661868.png,remove_small,1,487,167.2,0.0262
26661868.png,remove_small,2,504,173.03,0.0262
266684854.png,raw,1,1994,684.59,0.0001
266684854.png,remove_small,1,1994,684.59,0.0252
26750976.png,raw,1,515,176.81,0.0001
26750976.png,raw,2,672,230.71,0.0001
26750976.png,raw,3,2,0.69,0.0001
26750976.png,remove_small,1,515,176.81,0.0256
26750976.png,remove_small,2,672,230.71,0.0256
26777313.png,raw,1,1274,437.39,0.0002
26777313.png,remove_small,1,1274,437.39,0.0299
267947573.png,raw,1,1713,588.11,0.0002
267947573.png,raw,2,2031,697.29,0.0002
267947573.png,remove_small,1,1713,588.11,0.0256
267947573.png,remove_small,2,2031,697.29,0.0256
26814283.png,raw,1,643,220.76,0.0001
26814283.png,raw,2,539,185.05,0.0001
26814283.png,raw,3,285,97.85,0.0001
26814283.png,raw,4,34,11.67,0.0001
26814283.png,raw,5,20,6.87,0.0001
26814283.png,remove_small,1,643,220.76,0.0266
26814283.png,remove_small,2,539,185.05,0.0266
26814283.png,remove_small,3,285,97.85,0.0266
26821775.png,raw,1,916,314.48,0.0002
26821775.png,raw,2,1023,351.22,0.0002
26821775.png,raw,3,945,324.44,0.0002
26821775.png,remove_small,1,916,314.48,0.0258
26821775.png,remove_small,2,1023,351.22,0.0258
26821775.png,remove_small,3,945,324.44,0.0258
26927264.png,raw,1,335,115.01,0.0002
26927264.png,raw,2,488,167.54,0.0002
26927264.png,raw,3,2229,765.27,0.0002
26927264.png,raw,4,431,147.97,0.0002
26927264.png,remove_small,1,335,115.01,0.0247
26927264.png,remove_small,2,488,167.54,0.0247
26927264.png,remove_small,3,2229,765.27,0.0247
26927264.png,remove_small,4,431,147.97,0.0247
27116688.png,raw,1,576,197.75,0.0001
27116688.png,remove_small,1,576,197.75,0.0255
27124619.png,raw,1,539,185.05,0.0001
27124619.png,raw,2,680,233.46,0.0001
27124619.png,remove_small,1,539,185.05,0.0258
27124619.png,remove_small,2,680,233.46,0.0258
27149550.png,raw,1,648,222.47,0.0002
27149550.png,raw,2,196,67.29,0.0002
27149550.png,raw,3,1553,533.18,0.0002
27149550.png,raw,4,1691,580.56,0.0002
27149550.png,raw,5,1326,455.25,0.0002
27149550.png,raw,6,1496,513.61,0.0002
27149550.png,remove_small,1,648,222.47,0.0254
27149550.png,remove_small,2,196,67.29,0.0254
27149550.png,remove_small,3,1553,533.18,0.0254
27149550.png,remove_small,4,1691,580.56,0.0254
27149550.png,remove_small,5,1326,455.25,0.0254
27149550.png,remove_small,6,1496,513.61,0.0254
27200252.png,raw,1,346,118.79,0.0002
27200252.png,raw,2,368,126.34,0.0002
27200252.png,remove_small,1,346,118.79,0.0274
27200252.png,remove_small,2,368,126.34,0.0274
27385181.png,raw,1,230,78.96,0.0001
27385181.png,remove_small,1,230,78.96,0.027
274603394.png,raw,1,1038,356.37,0.0002
274603394.png,remove_small,1,1038,356.37,0.0255
274621059.png,raw,1,284,97.5,0.0001
274621059.png,raw,2,989,339.55,0.0001
274621059.png,raw,3,401,137.67,0.0001
274621059.png,remove_small,1,284,97.5,0.0265
274621059.png,remove_small,2,989,339.55,0.0265
274621059.png,remove_small,3,401,137.67,0.0265
274630377.png,raw,1,536,184.02,0.0002
274630377.png,raw,2,2051,704.15,0.0002
274630377.png,raw,3,956,328.22,0.0002
274630377.png,raw,4,765,262.64,0.0002
274630377.png,raw,5,1477,507.09,0.0002
274630377.png,remove_small,1,536,184.02,0.0259
274630377.png,remove_small,2,2051,704.15,0.0259
274630377.png,remove_small,3,956,328.22,0.0259
274630377.png,remove_small,4,765,262.64,0.0259
274630377.png,remove_small,5,1477,507.09,0.0259
27469293.png,raw,1,501,172.0,0.0002
27469293.png,raw,2,417,143.17,0.0002
27469293.png,raw,3,470,161.36,0.0002
27469293.png,remove_small,1,501,172.0,0.0258
27469293.png,remove_small,2,417,143.17,0.0258
27469293.png,remove_small,3,470,161.36,0.0258
27469541.png,raw,1,159,54.59,0.0001
27469541.png,raw,2,279,95.79,0.0001
27469541.png,remove_small,1,159,54.59,0.0261
27469541.png,remove_small,2,279,95.79,0.0261
27508746.png,raw,1,69,23.69,0.0001
27508746.png,raw,2,296,101.62,0.0001
27508746.png,raw,3,15,5.15,0.0001
27508746.png,raw,4,45,15.45,0.0001
27508746.png,remove_small,1,296,101.62,0.0259
275138487.png,raw,1,354,121.54,0.0002
275138487.png,remove_small,1,354,121.54,0.0249
27586337.png,raw,1,833,285.99,0.0001
27586337.png,raw,2,463,158.96,0.0001
27586337.png,remove_small,1,833,285.99,0.0286
27586337.png,remove_small,2,463,158.96,0.0286
27590782.png,raw,1,385,132.18,0.0001
27590782.png,raw,2,534,183.33,0.0001
27590782.png,remove_small,1,385,132.18,0.0245
27590782.png,remove_small,2,534,183.33,0.0245
276043284.png,raw,1,428,146.94,0.0001
276043284.png,raw,2,13,4.46,0.0001
276043284.png,raw,3,228,78.28,0.0001
276043284.png,remove_small,1,428,146.94,0.0234
276043284.png,remove_small,2,228,78.28,0.0234
276249131.png,raw,1,475,163.08,0.0001
276249131.png,raw,2,411,141.11,0.0001
276249131.png,raw,3,270,92.7,0.0001
276249131.png,remove_small,1,475,163.08,0.0249
276249131.png,remove_small,2,411,141.11,0.0249
276249131.png,remove_small,3,270,92.7,0.0249
27626940.png,raw,1,358,122.91,0.0002
27626940.png,raw,2,6,2.06,0.0002
27626940.png,remove_small,1,358,122.91,0.0251
27646106.png,raw,1,642,220.41,0.0001
27646106.png,remove_small,1,642,220.41,0.027
27693035.png,raw,1,1314,451.13,0.0002
27693035.png,remove_small,1,1314,451.13,0.0339
27739871.png,raw,1,12,4.12,0.0002
27739871.png,raw,2,1202,412.67,0.0002
27739871.png,raw,3,1229,421.94,0.0002
27739871.png,remove_small,1,1202,412.67,0.0295
27739871.png,remove_small,2,1229,421.94,0.0295
27748857.png,raw,1,530,181.96,0.0001
27748857.png,raw,2,576,197.75,0.0001
27748857.png,remove_small,1,530,181.96,0.0251
27748857.png,remove_small,2,576,197.75,0.0251
27776007.png,raw,1,226,77.59,0.0002
27776007.png,remove_small,1,226,77.59,0.029
277791347.png,raw,1,65,22.32,0.0002
278132700.png,raw,1,431,147.97,0.0001
278132700.png,remove_small,1,431,147.97,0.0249
27871140.png,raw,1,1283,440.48,0.0002
27871140.png,raw,2,63,21.63,0.0002
27871140.png,remove_small,1,1283,440.48,0.0264
27919734.png,raw,1,963,330.62,0.0002
27919734.png,remove_small,1,963,330.62,0.0256
279690443.png,raw,1,614,210.8,0.0002
279690443.png,remove_small,1,614,210.8,0.027
279822271.png,raw,1,139,47.72,0.0001
279822271.png,remove_small,1,139,47.72,0.025
28008024.png,raw,1,1483,509.15,0.0002
28008024.png,remove_small,1,1483,509.15,0.0265
280435282.png,raw,1,121,41.54,0.0001
280435282.png,raw,2,601,206.34,0.0001
280435282.png,raw,3,242,83.08,0.0001
280435282.png,raw,4,638,219.04,0.0001
280435282.png,remove_small,1,121,41.54,0.0252
280435282.png,remove_small,2,601,206.34,0.0252
280435282.png,remove_small,3,242,83.08,0.0252
280435282.png,remove_small,4,638,219.04,0.0252
28048745.png,raw,1,501,172.0,0.0002
28048745.png,raw,2,37,12.7,0.0002
28048745.png,remove_small,1,501,172.0,0.0247
28155437.png,raw,1,585,200.84,0.0002
28155437.png,remove_small,1,585,200.84,0.0261
28217542.png,raw,1,1151,395.16,0.0002
28217542.png,remove_small,1,1151,395.16,0.0255
28238219.png,raw,1,762,261.61,0.0001
28238219.png,raw,2,721,247.54,0.0001
28238219.png,remove_small,1,762,261.61,0.0267
28238219.png,remove_small,2,721,247.54,0.0267
28327356.png,raw,1,1185,406.84,0.0003
28327356.png,raw,2,1113,382.12,0.0003
28327356.png,raw,3,1048,359.8,0.0003
28327356.png,remove_small,1,1185,406.84,0.0249
28327356.png,remove_small,2,1113,382.12,0.0249
28327356.png,remove_small,3,1048,359.8,0.0249
28369264.png,raw,1,497,170.63,0.0001
28369264.png,raw,2,554,190.2,0.0001
28369264.png,remove_small,1,497,170.63,0.0249
28369264.png,remove_small,2,554,190.2,0.0249
28397503.png,raw,1,876,300.75,0.0002
28397503.png,raw,2,789,270.88,0.0002
28397503.png,remove_small,1,876,300.75,0.0259
28397503.png,remove_small,2,789,270.88,0.0259
28397771.png,raw,1,303,104.03,0.0001
28397771.png,raw,2,1512,519.1,0.0001
28397771.png,remove_small,1,303,104.03,0.0255
28397771.png,remove_small,2,1512,519.1,0.0255
28403958.png,raw,1,365,125.31,0.0002
28403958.png,raw,2,496,170.29,0.0002
28403958.png,raw,3,398,136.64,0.0002
28403958.png,remove_small,1,365,125.31,0.0245
28403958.png,remove_small,2,496,170.29,0.0245
28403958.png,remove_small,3,398,136.64,0.0245
28442013.png,raw,1,614,210.8,0.0002
28442013.png,raw,2,500,171.66,0.0002
28442013.png,raw,3,355,121.88,0.0002
28442013.png,remove_small,1,614,210.8,0.0312
28442013.png,remove_small,2,500,171.66,0.0312
28442013.png,remove_small,3,355,121.88,0.0312
28442140.png,raw,1,316,108.49,0.0001
28442140.png,raw,2,332,113.98,0.0001
28442140.png,raw,3,321,110.21,0.0001
28442140.png,remove_small,1,316,108.49,0.028
28442140.png,remove_small,2,332,113.98,0.028
28442140.png,remove_small,3,321,110.21,0.028
28452784.png,raw,1,4138,1420.67,0.0001
28452784.png,raw,2,2311,793.42,0.0001
28452784.png,remove_small,1,4138,1420.67,0.0266
28452784.png,remove_small,2,2311,793.42,0.0266
28470952.png,raw,1,29,9.96,0.0001
28527492.png,raw,1,20,6.87,0.0001
28527492.png,raw,2,253,86.86,0.0001
28527492.png,remove_small,1,253,86.86,0.0228
28613717.png,raw,1,339,116.39,0.0001
28613717.png,raw,2,436,149.69,0.0001
28613717.png,raw,3,400,137.33,0.0001
28613717.png,raw,4,80,27.47,0.0001
28613717.png,remove_small,1,339,116.39,0.0227
28613717.png,remove_small,2,436,149.69,0.0227
28613717.png,remove_small,3,400,137.33,0.0227
28613721.png,raw,1,1037,356.03,0.0001
28613721.png,raw,2,1366,468.98,0.0001
28613721.png,remove_small,1,1037,356.03,0.0226
28613721.png,remove_small,2,1366,468.98,0.0226
28684009.png,raw,1,228,78.28,0.0002
28684009.png,raw,2,133,45.66,0.0002
28684009.png,remove_small,1,228,78.28,0.0278
28684009.png,remove_small,2,133,45.66,0.0278
28712987.png,raw,1,518,177.84,0.0002
28712987.png,raw,2,409,140.42,0.0002
28712987.png,raw,3,453,155.53,0.0002
28712987.png,remove_small,1,518,177.84,0.023
28712987.png,remove_small,2,409,140.42,0.023
28712987.png,remove_small,3,453,155.53,0.023
28713671.png,raw,1,704,241.7,0.0001
28713671.png,raw,2,749,257.15,0.0001
28713671.png,remove_small,1,704,241.7,0.0242
28713671.png,remove_small,2,749,257.15,0.0242
28720997.png,raw,1,485,166.51,0.0002
28720997.png,remove_small,1,485,166.51,0.0264
28729619.png,raw,1,161,55.27,0.0001
28729619.png,raw,2,848,291.14,0.0001
28729619.png,raw,3,1415,485.8,0.0001
28729619.png,raw,4,125,42.92,0.0001
28729619.png,remove_small,1,161,55.27,0.0233
28729619.png,remove_small,2,848,291.14,0.0233
28729619.png,remove_small,3,1415,485.8,0.0233
28729619.png,remove_small,4,125,42.92,0.0233
28790766.png,raw,1,380,130.46,0.0002
28790766.png,raw,2,555,190.54,0.0002
28790766.png,raw,3,473,162.39,0.0002
28790766.png,remove_small,1,380,130.46,0.0226
28790766.png,remove_small,2,555,190.54,0.0226
28790766.png,remove_small,3,473,162.39,0.0226
28812249.png,raw,1,421,144.54,0.0002
28812249.png,raw,2,939,322.38,0.0002
28812249.png,remove_small,1,421,144.54,0.0267
28812249.png,remove_small,2,939,322.38,0.0267
28817488.png,raw,1,705,242.04,0.0001
28817488.png,raw,2,583,200.16,0.0001
28817488.png,remove_small,1,705,242.04,0.0253
28817488.png,remove_small,2,583,200.16,0.0253
288431743.png,raw,1,458,157.24,0.0001
288431743.png,remove_small,1,458,157.24,0.0249
28911210.png,raw,1,76,26.09,0.0002
28921360.png,raw,1,509,174.75,0.0001
28921360.png,raw,2,241,82.74,0.0001
28921360.png,raw,3,656,225.22,0.0001
28921360.png,raw,4,773,265.39,0.0001
28921360.png,remove_small,1,509,174.75,0.0231
28921360.png,remove_small,2,241,82.74,0.0231
28921360.png,remove_small,3,656,225.22,0.0231
28921360.png,remove_small,4,773,265.39,0.0231
28956649.png,raw,1,1992,683.9,0.0002
28956649.png,raw,2,1120,384.52,0.0002
28956649.png,raw,3,131,44.98,0.0002
28956649.png,raw,4,194,66.6,0.0002
28956649.png,remove_small,1,1992,683.9,0.0237
28956649.png,remove_small,2,1120,384.52,0.0237
28956649.png,remove_small,3,131,44.98,0.0237
28956649.png,remove_small,4,194,66.6,0.0237
289836713.png,raw,1,1516,520.48,0.0001
289836713.png,raw,2,1218,418.17,0.0001
289836713.png,raw,3,15,5.15,0.0001
289836713.png,remove_small,1,1516,520.48,0.0238
289836713.png,remove_small,2,1218,418.17,0.0238
28986957.png,raw,1,189,64.89,0.0001
28986957.png,remove_small,1,189,64.89,0.0238
28991476.png,raw,1,399,136.99,0.0001
28991476.png,remove_small,1,399,136.99,0.0255
29017985.png,raw,1,182,62.48,0.0001
29017985.png,remove_small,1,182,62.48,0.0232
29024911.png,raw,1,94,32.27,0.0002
29024911.png,raw,2,431,147.97,0.0002
29024911.png,raw,3,335,115.01,0.0002
29024911.png,raw,4,89,30.56,0.0002
29024911.png,remove_small,1,431,147.97,0.0243
29024911.png,remove_small,2,335,115.01,0.0243
29084374.png,raw,1,1563,536.61,0.0001
29084374.png,raw,2,1512,519.1,0.0001
29084374.png,raw,3,2718,933.15,0.0001
29084374.png,remove_small,1,1563,536.61,0.0234
29084374.png,remove_small,2,1512,519.1,0.0234
29084374.png,remove_small,3,2718,933.15,0.0234
291141048.png,raw,1,553,189.86,0.0001
291141048.png,remove_small,1,553,189.86,0.0261
29175029.png,raw,1,1077,369.76,0.0002
29175029.png,remove_small,1,1077,369.76,0.0306
29176354.png,raw,1,609,209.08,0.0001
29176354.png,raw,2,637,218.7,0.0001
29176354.png,remove_small,1,609,209.08,0.0266
29176354.png,remove_small,2,637,218.7,0.0266
29309786.png,raw,1,801,275.0,0.0003
29309786.png,raw,2,1723,591.55,0.0003
29309786.png,raw,3,2032,697.63,0.0003
29309786.png,raw,4,1222,419.54,0.0003
29309786.png,remove_small,1,801,275.0,0.0246
29309786.png,remove_small,2,1723,591.55,0.0246
29309786.png,remove_small,3,2032,697.63,0.0246
29309786.png,remove_small,4,1222,419.54,0.0246
29331499.png,raw,1,37,12.7,0.0001
29331499.png,raw,2,337,115.7,0.0001
29331499.png,raw,3,677,232.43,0.0001
29331499.png,raw,4,1788,613.86,0.0001
29331499.png,raw,5,1519,521.51,0.0001
29331499.png,remove_small,1,337,115.7,0.0251
29331499.png,remove_small,2,677,232.43,0.0251
29331499.png,remove_small,3,1788,613.86,0.0251
29331499.png,remove_small,4,1519,521.51,0.0251
29340508.png,raw,1,328,112.61,0.0002
29340508.png,remove_small,1,328,112.61,0.024
29341850.png,raw,1,367,126.0,0.0001
29341850.png,raw,2,284,97.5,0.0001
29341850.png,remove_small,1,367,126.0,0.0241
29341850.png,remove_small,2,284,97.5,0.0241
29350395.png,raw,1,423,145.23,0.0001
29350395.png,raw,2,394,135.27,0.0001
29350395.png,remove_small,1,423,145.23,0.0241
29350395.png,remove_small,2,394,135.27,0.0241
29351462.png,raw,1,366,125.66,0.0002
29351462.png,raw,2,217,74.5,0.0002
29351462.png,remove_small,1,366,125.66,0.0244
29351462.png,remove_small,2,217,74.5,0.0244
29374518.png,raw,1,1691,580.56,0.0001
29374518.png,raw,2,1793,615.58,0.0001
29374518.png,raw,3,1677,575.75,0.0001
29374518.png,raw,4,517,177.5,0.0001
29374518.png,raw,5,136,46.69,0.0001
29374518.png,raw,6,437,150.03,0.0001
29374518.png,remove_small,1,1691,580.56,0.0262
29374518.png,remove_small,2,1793,615.58,0.0262
29374518.png,remove_small,3,1677,575.75,0.0262
29374518.png,remove_small,4,517,177.5,0.0262
29374518.png,remove_small,5,136,46.69,0.0262
29374518.png,remove_small,6,437,150.03,0.0262
29374542.png,raw,1,1751,601.16,0.0002
29374542.png,raw,2,1720,590.52,0.0002
29374542.png,raw,3,1387,476.19,0.0002
29374542.png,raw,4,441,151.41,0.0002
29374542.png,raw,5,161,55.27,0.0002
29374542.png,raw,6,378,129.78,0.0002
29374542.png,remove_small,1,1751,601.16,0.0263
29374542.png,remove_small,2,1720,590.52,0.0263
29374542.png,remove_small,3,1387,476.19,0.0263
29374542.png,remove_small,4,441,151.41,0.0263
29374542.png,remove_small,5,161,55.27,0.0263
29374542.png,remove_small,6,378,129.78,0.0263
29389039.png,raw,1,713,244.79,0.0002
29389039.png,raw,2,439,150.72,0.0002
29389039.png,raw,3,371,127.37,0.0002
29389039.png,remove_small,1,713,244.79,0.0263
29389039.png,remove_small,2,439,150.72,0.0263
29389039.png,remove_small,3,371,127.37,0.0263
29389718.png,raw,1,562,192.95,0.0001
29389718.png,raw,2,449,154.15,0.0001
29389718.png,remove_small,1,562,192.95,0.0256
29389718.png,remove_small,2,449,154.15,0.0256
29389745.png,raw,1,151,51.84,0.0002
29389745.png,remove_small,1,151,51.84,0.0279
29397692.png,raw,1,457,156.9,0.0001
29397692.png,raw,2,107,36.74,0.0001
29397692.png,remove_small,1,457,156.9,0.0261
29397692.png,remove_small,2,107,36.74,0.0261
29397818.png,raw,1,227,77.93,0.0001
29397818.png,raw,2,288,98.88,0.0001
29397818.png,remove_small,1,227,77.93,0.0299
29397818.png,remove_small,2,288,98.88,0.0299
29417741.png,raw,1,1531,525.63,0.0001
29417741.png,remove_small,1,1531,525.63,0.0274
29420322.png,raw,1,967,331.99,0.0001
29420322.png,raw,2,845,290.11,0.0001
29420322.png,raw,3,1447,496.79,0.0001
29420322.png,raw,4,297,101.97,0.0001
29420322.png,remove_small,1,967,331.99,0.0241
29420322.png,remove_small,2,845,290.11,0.0241
29420322.png,remove_small,3,1447,496.79,0.0241
29420322.png,remove_small,4,297,101.97,0.0241
29463604.png,raw,1,533,182.99,0.0004
29463604.png,raw,2,495,169.94,0.0004
29463604.png,remove_small,1,533,182.99,0.0311
29463604.png,remove_small,2,495,169.94,0.0311
29465782.png,raw,1,631,216.64,0.0002
29465782.png,raw,2,613,210.46,0.0002
29465782.png,remove_small,1,631,216.64,0.0247
29465782.png,remove_small,2,613,210.46,0.0247
29471404.png,raw,1,101,34.68,0.0003
29471404.png,raw,2,43,14.76,0.0003
29471404.png,raw,3,426,146.26,0.0003
29471404.png,raw,4,102,35.02,0.0003
29471404.png,remove_small,1,101,34.68,0.0289
29471404.png,remove_small,2,426,146.26,0.0289
29471404.png,remove_small,3,102,35.02,0.0289
29471978.png,raw,1,666,228.65,0.0001
29471978.png,raw,2,464,159.3,0.0001
29471978.png,remove_small,1,666,228.65,0.0253
29471978.png,remove_small,2,464,159.3,0.0253
296413955.png,raw,1,592,203.25,0.0001
296413955.png,raw,2,526,180.59,0.0001
296413955.png,remove_small,1,592,203.25,0.0244
296413955.png,remove_small,2,526,180.59,0.0244
29713902.png,raw,1,281,96.47,0.0001
29713902.png,remove_small,1,281,96.47,0.0256
29731224.png,raw,1,350,120.16,0.0001
29731224.png,remove_small,1,350,120.16,0.0261
29972835.png,raw,1,26,8.93,0.0002
29972835.png,raw,2,226,77.59,0.0002
29972835.png,remove_small,1,226,77.59,0.0259
29996007.png,raw,1,294,100.94,0.0001
29996007.png,raw,2,247,84.8,0.0001
29996007.png,remove_small,1,294,100.94,0.0251
29996007.png,remove_small,2,247,84.8,0.0251
30017786.png,raw,1,91,31.24,0.0001
30037714.png,raw,1,39,13.39,0.0003
30037714.png,raw,2,6,2.06,0.0003
30037714.png,raw,3,24,8.24,0.0003
30037714.png,raw,4,21,7.21,0.0003
30039908.png,raw,1,1326,455.25,0.0002
30039908.png,raw,2,488,167.54,0.0002
30039908.png,raw,3,1685,578.5,0.0002
30039908.png,remove_small,1,1326,455.25,0.0251
30039908.png,remove_small,2,488,167.54,0.0251
30039908.png,remove_small,3,1685,578.5,0.0251
30067892.png,raw,1,54,18.54,0.0001
30072074.png,raw,1,577,198.1,0.0002
30072074.png,raw,2,303,104.03,0.0002
30072074.png,raw,3,273,93.73,0.0002
30072074.png,remove_small,1,577,198.1,0.0298
30072074.png,remove_small,2,303,104.03,0.0298
30072074.png,remove_small,3,273,93.73,0.0298
30102315.png,raw,1,212,72.78,0.0001
30102315.png,remove_small,1,212,72.78,0.0248
30155999.png,raw,1,371,127.37,0.0001
30155999.png,raw,2,501,172.0,0.0001
30155999.png,raw,3,209,71.75,0.0001
30155999.png,raw,4,564,193.63,0.0001
30155999.png,remove_small,1,371,127.37,0.0257
30155999.png,remove_small,2,501,172.0,0.0257
30155999.png,remove_small,3,209,71.75,0.0257
30155999.png,remove_small,4,564,193.63,0.0257
30164703.png,raw,1,1557,534.55,0.0002
30164703.png,raw,2,1498,514.3,0.0002
30164703.png,raw,3,630,216.29,0.0002
30164703.png,raw,4,492,168.91,0.0002
30164703.png,remove_small,1,1557,534.55,0.0316
30164703.png,remove_small,2,1498,514.3,0.0316
30164703.png,remove_small,3,630,216.29,0.0316
30164703.png,remove_small,4,492,168.91,0.0316
301654545.png,raw,1,156,53.56,0.0001
301654545.png,raw,2,605,207.71,0.0001
301654545.png,raw,3,339,116.39,0.0001
301654545.png,remove_small,1,156,53.56,0.025
301654545.png,remove_small,2,605,207.71,0.025
301654545.png,remove_small,3,339,116.39,0.025
30170958.png,raw,1,317,108.83,0.0001
30170958.png,raw,2,243,83.43,0.0001
30170958.png,remove_small,1,317,108.83,0.0243
30170958.png,remove_small,2,243,83.43,0.0243
30239842.png,raw,1,1470,504.68,0.0001
30239842.png,remove_small,1,1470,504.68,0.0242
30500942.png,raw,1,40,13.73,0.0001
305477233.png,raw,1,551,189.17,0.0001
305477233.png,remove_small,1,551,189.17,0.0248
30610594.png,raw,1,235,80.68,0.0002
30610594.png,raw,2,405,139.05,0.0002
30610594.png,raw,3,245,84.11,0.0002
30610594.png,remove_small,1,235,80.68,0.0253
30610594.png,remove_small,2,405,139.05,0.0253
30610594.png,remove_small,3,245,84.11,0.0253
30613895.png,raw,1,1429,490.61,0.0001
30613895.png,raw,2,1406,482.71,0.0001
30613895.png,raw,3,1291,443.23,0.0001
30613895.png,remove_small,1,1429,490.61,0.0271
30613895.png,remove_small,2,1406,482.71,0.0271
30613895.png,remove_small,3,1291,443.23,0.0271
30622610.png,raw,1,1309,449.41,0.0001
30622610.png,raw,2,1205,413.7,0.0001
30622610.png,remove_small,1,1309,449.41,0.0272
30622610.png,remove_small,2,1205,413.7,0.0272
30670163.png,raw,1,4,1.37,0.0001
30734324.png,raw,1,779,267.45,0.0001
30734324.png,raw,2,701,240.67,0.0001
30734324.png,raw,3,652,223.85,0.0001
30734324.png,raw,4,549,188.48,0.0001
30734324.png,remove_small,1,779,267.45,0.0258
30734324.png,remove_small,2,701,240.67,0.0258
30734324.png,remove_small,3,652,223.85,0.0258
30734324.png,remove_small,4,549,188.48,0.0258
30763123.png,raw,1,368,126.34,0.0002
30763123.png,raw,2,391,134.24,0.0002
30763123.png,remove_small,1,368,126.34,0.0342
30763123.png,remove_small,2,391,134.24,0.0342
307763119.png,raw,1,457,156.9,0.0002
307763119.png,raw,2,494,169.6,0.0002
307763119.png,remove_small,1,457,156.9,0.0252
307763119.png,remove_small,2,494,169.6,0.0252
30801059.png,raw,1,978,335.77,0.0001
30801059.png,remove_small,1,978,335.77,0.0251
308664166.png,raw,1,1106,379.71,0.0001
308664166.png,raw,2,55,18.88,0.0001
308664166.png,raw,3,57,19.57,0.0001
308664166.png,remove_small,1,1106,379.71,0.0262
31019937.png,raw,1,254,87.2,0.0001
31019937.png,raw,2,1906,654.37,0.0001
31019937.png,remove_small,1,254,87.2,0.0239
31019937.png,remove_small,2,1906,654.37,0.0239
31019939.png,raw,1,1128,387.27,0.0002
31019939.png,raw,2,512,175.78,0.0002
31019939.png,remove_small,1,1128,387.27,0.0239
31019939.png,remove_small,2,512,175.78,0.0239
31024388.png,raw,1,490,168.23,0.0001
31024388.png,raw,2,397,136.3,0.0001
31024388.png,remove_small,1,490,168.23,0.0247
31024388.png,remove_small,2,397,136.3,0.0247
31030020.png,raw,1,553,189.86,0.0001
31030020.png,remove_small,1,553,189.86,0.0245
31031167.png,raw,1,507,174.06,0.0002
31031167.png,raw,2,363,124.63,0.0002
31031167.png,raw,3,113,38.8,0.0002
31031167.png,remove_small,1,507,174.06,0.0273
31031167.png,remove_small,2,363,124.63,0.0273
31031167.png,remove_small,3,113,38.8,0.0273
31105067.png,raw,1,1093,375.25,0.0001
31105067.png,raw,2,329,112.95,0.0001
31105067.png,raw,3,271,93.04,0.0001
31105067.png,raw,4,328,112.61,0.0001
31105067.png,remove_small,1,1093,375.25,0.0279
31105067.png,remove_small,2,329,112.95,0.0279
31105067.png,remove_small,3,271,93.04,0.0279
31105067.png,remove_small,4,328,112.61,0.0279
31129218.png,raw,1,280,96.13,0.0001
31129218.png,remove_small,1,280,96.13,0.0253
31131320.png,raw,1,966,331.65,0.0001
31131320.png,remove_small,1,966,331.65,0.0252
31131325.png,raw,1,415,142.48,0.0001
31131325.png,raw,2,34,11.67,0.0001
31131325.png,raw,3,879,301.78,0.0001
31131325.png,remove_small,1,415,142.48,0.026
31131325.png,remove_small,2,879,301.78,0.026
31135714.png,raw,1,354,121.54,0.0001
31135714.png,raw,2,23,7.9,0.0001
31135714.png,raw,3,58,19.91,0.0001
31135714.png,remove_small,1,354,121.54,0.0255
31267503.png,raw,1,285,97.85,0.0001
31267503.png,raw,2,414,142.14,0.0001
31267503.png,raw,3,387,132.87,0.0001
31267503.png,raw,4,381,130.81,0.0001
31267503.png,remove_small,1,285,97.85,0.0253
31267503.png,remove_small,2,414,142.14,0.0253
31267503.png,remove_small,3,387,132.87,0.0253
31267503.png,remove_small,4,381,130.81,0.0253
31268353.png,raw,1,209,71.75,0.0001
31268353.png,raw,2,437,150.03,0.0001
31268353.png,remove_small,1,209,71.75,0.0252
31268353.png,remove_small,2,437,150.03,0.0252
31283593.png,raw,1,2,0.69,0.0001
31367936.png,raw,1,524,179.9,0.0001
31367936.png,remove_small,1,524,179.9,0.0268
31367937.png,raw,1,822,282.21,0.0001
31367937.png,raw,2,768,263.67,0.0001
31367937.png,raw,3,939,322.38,0.0001
31367937.png,raw,4,1584,543.82,0.0001
31367937.png,remove_small,1,822,282.21,0.0287
31367937.png,remove_small,2,768,263.67,0.0287
31367937.png,remove_small,3,939,322.38,0.0287
31367937.png,remove_small,4,1584,543.82,0.0287
31367940.png,raw,1,644,221.1,0.0001
31367940.png,raw,2,81,27.81,0.0001
31367940.png,raw,3,1402,481.34,0.0001
31367940.png,raw,4,266,91.32,0.0001
31367940.png,remove_small,1,644,221.1,0.0263
31367940.png,remove_small,2,1402,481.34,0.0263
31367940.png,remove_small,3,266,91.32,0.0263
31395044.png,raw,1,952,326.84,0.0001
31395044.png,raw,2,789,270.88,0.0001
31395044.png,remove_small,1,952,326.84,0.0251
31395044.png,remove_small,2,789,270.88,0.0251
314369461.png,raw,1,686,235.52,0.0001
314369461.png,raw,2,725,248.91,0.0001
314369461.png,remove_small,1,686,235.52,0.0255
314369461.png,remove_small,2,725,248.91,0.0255
31452828.png,raw,1,116,39.83,0.0001
31452828.png,raw,2,461,158.27,0.0001
31452828.png,remove_small,1,116,39.83,0.0266
31452828.png,remove_small,2,461,158.27,0.0266
31512238.png,raw,1,418,143.51,0.0002
31512238.png,raw,2,420,144.2,0.0002
31512238.png,remove_small,1,418,143.51,0.0242
31512238.png,remove_small,2,420,144.2,0.0242
31652745.png,raw,1,654,224.53,0.0001
31652745.png,raw,2,680,233.46,0.0001
31652745.png,raw,3,538,184.71,0.0001
31652745.png,remove_small,1,654,224.53,0.0251
31652745.png,remove_small,2,680,233.46,0.0251
31652745.png,remove_small,3,538,184.71,0.0251
31653753.png,raw,1,1323,454.22,0.0001
31653753.png,raw,2,1277,438.42,0.0001
31653753.png,raw,3,420,144.2,0.0001
31653753.png,raw,4,483,165.82,0.0001
31653753.png,raw,5,126,43.26,0.0001
31653753.png,remove_small,1,1323,454.22,0.0319
31653753.png,remove_small,2,1277,438.42,0.0319
31653753.png,remove_small,3,420,144.2,0.0319
31653753.png,remove_small,4,483,165.82,0.0319
31653753.png,remove_small,5,126,43.26,0.0319
31662013.png,raw,1,330,113.3,0.0002
31662013.png,raw,2,346,118.79,0.0002
31662013.png,raw,3,373,128.06,0.0002
31662013.png,raw,4,363,124.63,0.0002
31662013.png,remove_small,1,330,113.3,0.0251
31662013.png,remove_small,2,346,118.79,0.0251
31662013.png,remove_small,3,373,128.06,0.0251
31662013.png,remove_small,4,363,124.63,0.0251
31663088.png,raw,1,449,154.15,0.0002
31663088.png,remove_small,1,449,154.15,0.0249
31692357.png,raw,1,505,173.38,0.0001
31692357.png,raw,2,142,48.75,0.0001
31692357.png,remove_small,1,505,173.38,0.0256
31692357.png,remove_small,2,142,48.75,0.0256
31695717.png,raw,1,200,68.66,0.0001
31695717.png,remove_small,1,200,68.66,0.026
31731701.png,raw,1,394,135.27,0.0001
31731701.png,raw,2,469,161.02,0.0001
31731701.png,remove_small,1,394,135.27,0.0261
31731701.png,remove_small,2,469,161.02,0.0261
31762305.png,raw,1,548,188.14,0.0001
31762305.png,raw,2,1308,449.07,0.0001
31762305.png,raw,3,679,233.12,0.0001
31762305.png,raw,4,1341,460.4,0.0001
31762305.png,raw,5,943,323.75,0.0001
31762305.png,raw,6,145,49.78,0.0001
31762305.png,remove_small,1,548,188.14,0.0256
31762305.png,remove_small,2,1308,449.07,0.0256
31762305.png,remove_small,3,679,233.12,0.0256
31762305.png,remove_small,4,1341,460.4,0.0256
31762305.png,remove_small,5,943,323.75,0.0256
31762305.png,remove_small,6,145,49.78,0.0256
31773680.png,raw,1,159,54.59,0.0001
31773680.png,raw,2,445,152.78,0.0001
31773680.png,remove_small,1,159,54.59,0.0266
31773680.png,remove_small,2,445,152.78,0.0266
318508009.png,raw,1,452,155.18,0.0001
318508009.png,raw,2,276,94.76,0.0001
318508009.png,remove_small,1,452,155.18,0.0287
318508009.png,remove_small,2,276,94.76,0.0287
318804847.png,raw,1,534,183.33,0.0002
318804847.png,raw,2,167,57.33,0.0002
318804847.png,raw,3,278,95.44,0.0002
318804847.png,raw,4,189,64.89,0.0002
318804847.png,raw,5,765,262.64,0.0002
318804847.png,remove_small,1,534,183.33,0.0247
318804847.png,remove_small,2,167,57.33,0.0247
318804847.png,remove_small,3,278,95.44,0.0247
318804847.png,remove_small,4,189,64.89,0.0247
318804847.png,remove_small,5,765,262.64,0.0247
31984558.png,raw,1,491,168.57,0.0001
31984558.png,raw,2,442,151.75,0.0001
31984558.png,remove_small,1,491,168.57,0.0244
31984558.png,remove_small,2,442,151.75,0.0244
32031177.png,raw,1,48,16.48,0.0002
32042992.png,raw,1,644,221.1,0.0001
32042992.png,raw,2,802,275.34,0.0001
32042992.png,remove_small,1,644,221.1,0.027
32042992.png,remove_small,2,802,275.34,0.027
32076853.png,raw,1,1272,436.71,0.0002
32076853.png,raw,2,158,54.24,0.0002
32076853.png,remove_small,1,1272,436.71,0.027
32076853.png,remove_small,2,158,54.24,0.027
32137605.png,raw,1,430,147.63,0.0001
32137605.png,raw,2,340,116.73,0.0001
32137605.png,remove_small,1,430,147.63,0.0265
32137605.png,remove_small,2,340,116.73,0.0265
32151621.png,raw,1,1023,351.22,0.0001
32151621.png,raw,2,1056,362.55,0.0001
32151621.png,remove_small,1,1023,351.22,0.0264
32151621.png,remove_small,2,1056,362.55,0.0264
32205824.png,raw,1,256,87.89,0.0002
32205824.png,raw,2,814,279.46,0.0002
32205824.png,raw,3,455,156.21,0.0002
32205824.png,raw,4,221,75.87,0.0002
32205824.png,remove_small,1,256,87.89,0.0272
32205824.png,remove_small,2,814,279.46,0.0272
32205824.png,remove_small,3,455,156.21,0.0272
32205824.png,remove_small,4,221,75.87,0.0272
32275585.png,raw,1,537,184.36,0.0001
32275585.png,raw,2,491,168.57,0.0001
32275585.png,remove_small,1,537,184.36,0.0268
32275585.png,remove_small,2,491,168.57,0.0268
32346955.png,raw,1,455,156.21,0.0001
32346955.png,raw,2,608,208.74,0.0001
32346955.png,remove_small,1,455,156.21,0.0263
32346955.png,remove_small,2,608,208.74,0.0263
32348182.png,raw,1,584,200.5,0.0001
32348182.png,raw,2,555,190.54,0.0001
32348182.png,remove_small,1,584,200.5,0.0254
32348182.png,remove_small,2,555,190.54,0.0254
32352963.png,raw,1,1085,372.51,0.0002
32352963.png,raw,2,25,8.58,0.0002
32352963.png,remove_small,1,1085,372.51,0.0256
32404366.png,raw,1,582,199.81,0.0001
32404366.png,raw,2,516,177.15,0.0001
32404366.png,remove_small,1,582,199.81,0.0269
32404366.png,remove_small,2,516,177.15,0.0269
32443772.png,raw,1,513,176.12,0.0002
32443772.png,raw,2,1381,474.13,0.0002
32443772.png,raw,3,526,180.59,0.0002
32443772.png,remove_small,1,513,176.12,0.0252
32443772.png,remove_small,2,1381,474.13,0.0252
32443772.png,remove_small,3,526,180.59,0.0252
324853478.png,raw,1,920,315.86,0.0002
324853478.png,remove_small,1,920,315.86,0.0244
32554596.png,raw,1,665,228.31,0.0001
32554596.png,raw,2,599,205.65,0.0001
32554596.png,remove_small,1,665,228.31,0.0324
32554596.png,remove_small,2,599,205.65,0.0324
32591942.png,raw,1,539,185.05,0.0001
32591942.png,raw,2,422,144.88,0.0001
32591942.png,raw,3,503,172.69,0.0001
32591942.png,remove_small,1,539,185.05,0.0247
32591942.png,remove_small,2,422,144.88,0.0247
32591942.png,remove_small,3,503,172.69,0.0247
32640453.png,raw,1,281,96.47,0.0002
32640453.png,raw,2,629,215.95,0.0002
32640453.png,remove_small,1,281,96.47,0.0281
32640453.png,remove_small,2,629,215.95,0.0281
32675761.png,raw,1,1212,416.11,0.0002
32675761.png,raw,2,984,337.83,0.0002
32675761.png,raw,3,480,164.79,0.0002
32675761.png,raw,4,417,143.17,0.0002
32675761.png,remove_small,1,1212,416.11,0.0252
32675761.png,remove_small,2,984,337.83,0.0252
32675761.png,remove_small,3,480,164.79,0.0252
32675761.png,remove_small,4,417,143.17,0.0252
326758166.png,raw,1,147,50.47,0.0002
326758166.png,remove_small,1,147,50.47,0.0275
32705123.png,raw,1,572,196.38,0.0001
32705123.png,raw,2,152,52.19,0.0001
32705123.png,remove_small,1,572,196.38,0.0268
32705123.png,remove_small,2,152,52.19,0.0268
32725957.png,raw,1,1449,497.47,0.0002
32725957.png,raw,2,1025,351.91,0.0002
32725957.png,raw,3,925,317.57,0.0002
32725957.png,remove_small,1,1449,497.47,0.0242
32725957.png,remove_small,2,1025,351.91,0.0242
32725957.png,remove_small,3,925,317.57,0.0242
327671446.png,raw,1,279,95.79,0.0001
327671446.png,remove_small,1,279,95.79,0.0243
32844335.png,raw,1,405,139.05,0.0002
32844335.png,raw,2,329,112.95,0.0002
32844335.png,raw,3,84,28.84,0.0002
32844335.png,raw,4,498,170.97,0.0002
32844335.png,raw,5,250,85.83,0.0002
32844335.png,remove_small,1,405,139.05,0.0276
32844335.png,remove_small,2,329,112.95,0.0276
32844335.png,remove_small,3,498,170.97,0.0276
32844335.png,remove_small,4,250,85.83,0.0276
32887571.png,raw,1,7,2.4,0.0002
32887571.png,raw,2,338,116.04,0.0002
32887571.png,raw,3,143,49.1,0.0002
32887571.png,remove_small,1,338,116.04,0.0269
32887571.png,remove_small,2,143,49.1,0.0269
32904794.png,raw,1,132,45.32,0.0001
32904794.png,raw,2,478,164.11,0.0001
32904794.png,raw,3,33,11.33,0.0001
32904794.png,raw,4,2042,701.07,0.0001
32904794.png,remove_small,1,132,45.32,0.0259
32904794.png,remove_small,2,478,164.11,0.0259
32904794.png,remove_small,3,2042,701.07,0.0259
329082530.png,raw,1,944,324.1,0.0001
329082530.png,remove_small,1,944,324.1,0.0281
32961931.png,raw,1,810,278.09,0.0002
32961931.png,raw,2,872,299.38,0.0002
32961931.png,raw,3,850,291.82,0.0002
32961931.png,remove_small,1,810,278.09,0.0242
32961931.png,remove_small,2,872,299.38,0.0242
32961931.png,remove_small,3,850,291.82,0.0242
32966636.png,raw,1,1224,420.23,0.0002
32966636.png,raw,2,833,285.99,0.0002
32966636.png,raw,3,794,272.6,0.0002
32966636.png,remove_small,1,1224,420.23,0.0245
32966636.png,remove_small,2,833,285.99,0.0245
32966636.png,remove_small,3,794,272.6,0.0245
32993727.png,raw,1,1937,665.02,0.0001
32993727.png,raw,2,1313,450.78,0.0001
32993727.png,raw,3,318,109.18,0.0001
32993727.png,raw,4,304,104.37,0.0001
32993727.png,remove_small,1,1937,665.02,0.027
32993727.png,remove_small,2,1313,450.78,0.027
32993727.png,remove_small,3,318,109.18,0.027
32993727.png,remove_small,4,304,104.37,0.027
32997200.png,raw,1,964,330.96,0.0001
32997200.png,remove_small,1,964,330.96,0.0289
33044957.png,raw,1,507,174.06,0.0003
33044957.png,remove_small,1,507,174.06,0.0248
331597830.png,raw,1,598,205.31,0.0002
331597830.png,remove_small,1,598,205.31,0.0256
33169401.png,raw,1,2279,782.43,0.0001
33169401.png,raw,2,1970,676.35,0.0001
33169401.png,raw,3,311,106.77,0.0001
33169401.png,raw,4,2037,699.35,0.0001
33169401.png,raw,5,62,21.29,0.0001
33169401.png,raw,6,382,131.15,0.0001
33169401.png,raw,7,403,138.36,0.0001
33169401.png,remove_small,1,2279,782.43,0.0259
33169401.png,remove_small,2,1970,676.35,0.0259
33169401.png,remove_small,3,311,106.77,0.0259
33169401.png,remove_small,4,2037,699.35,0.0259
33169401.png,remove_small,5,382,131.15,0.0259
33169401.png,remove_small,6,403,138.36,0.0259
332073533.png,raw,1,385,132.18,0.0001
332073533.png,raw,2,460,157.93,0.0001
332073533.png,remove_small,1,385,132.18,0.0246
332073533.png,remove_small,2,460,157.93,0.0246
332888723.png,raw,1,373,128.06,0.0002
332888723.png,remove_small,1,373,128.06,0.027
333790233.png,raw,1,1259,432.24,0.0001
333790233.png,remove_small,1,1259,432.24,0.0263
33411203.png,raw,1,2059,706.9,0.0001
33411203.png,raw,2,1237,424.69,0.0001
33411203.png,raw,3,515,176.81,0.0001
33411203.png,raw,4,500,171.66,0.0001
33411203.png,remove_small,1,2059,706.9,0.0242
33411203.png,remove_small,2,1237,424.69,0.0242
33411203.png,remove_small,3,515,176.81,0.0242
33411203.png,remove_small,4,500,171.66,0.0242
334904455.png,raw,1,343,117.76,0.0002
334904455.png,raw,2,498,170.97,0.0002
334904455.png,remove_small,1,343,117.76,0.0274
334904455.png,remove_small,2,498,170.97,0.0274
33701487.png,raw,1,427,146.6,0.0001
33701487.png,remove_small,1,427,146.6,0.0269
33714794.png,raw,1,1052,361.18,0.0002
33714794.png,remove_small,1,1052,361.18,0.0267
338045847.png,raw,1,373,128.06,0.0002
338045847.png,raw,2,528,181.27,0.0002
338045847.png,remove_small,1,373,128.06,0.0241
338045847.png,remove_small,2,528,181.27,0.0241
33816726.png,raw,1,1361,467.26,0.0002
33816726.png,raw,2,924,317.23,0.0002
33816726.png,raw,3,561,192.6,0.0002
33816726.png,remove_small,1,1361,467.26,0.0263
33816726.png,remove_small,2,924,317.23,0.0263
33816726.png,remove_small,3,561,192.6,0.0263
33877247.png,raw,1,516,177.15,0.0002
33877247.png,remove_small,1,516,177.15,0.0263
33898157.png,raw,1,418,143.51,0.0001
33898157.png,remove_small,1,418,143.51,0.0254
34023200.png,raw,1,319,109.52,0.0002
34023200.png,raw,2,604,207.37,0.0002
34023200.png,raw,3,404,138.7,0.0002
34023200.png,raw,4,560,192.26,0.0002
34023200.png,remove_small,1,319,109.52,0.0266
34023200.png,remove_small,2,604,207.37,0.0266
34023200.png,remove_small,3,404,138.7,0.0266
34023200.png,remove_small,4,560,192.26,0.0266
34105558.png,raw,1,1870,642.01,0.0002
34105558.png,raw,2,1862,639.27,0.0002
34105558.png,raw,3,2152,738.83,0.0002
34105558.png,raw,4,1986,681.84,0.0002
34105558.png,remove_small,1,1870,642.01,0.0267
34105558.png,remove_small,2,1862,639.27,0.0267
34105558.png,remove_small,3,2152,738.83,0.0267
34105558.png,remove_small,4,1986,681.84,0.0267
34122030.png,raw,1,162,55.62,0.0001
34122030.png,remove_small,1,162,55.62,0.025
34171463.png,raw,1,465,159.65,0.0002
34171463.png,raw,2,408,140.08,0.0002
34171463.png,remove_small,1,465,159.65,0.0246
34171463.png,remove_small,2,408,140.08,0.0246
341803674.png,raw,1,297,101.97,0.0002
341803674.png,remove_small,1,297,101.97,0.0247
34289171.png,raw,1,742,254.75,0.0001
34289171.png,raw,2,521,178.87,0.0001
34289171.png,remove_small,1,742,254.75,0.0243
34289171.png,remove_small,2,521,178.87,0.0243
34375343.png,raw,1,162,55.62,0.0001
34375343.png,remove_small,1,162,55.62,0.0257
34479547.png,raw,1,332,113.98,0.0001
34479547.png,raw,2,431,147.97,0.0001
34479547.png,remove_small,1,332,113.98,0.0279
34479547.png,remove_small,2,431,147.97,0.0279
34491648.png,raw,1,118,40.51,0.0002
34491648.png,raw,2,294,100.94,0.0002
34491648.png,remove_small,1,118,40.51,0.0246
34491648.png,remove_small,2,294,100.94,0.0246
34544428.png,raw,1,314,107.8,0.0002
34544428.png,raw,2,379,130.12,0.0002
34544428.png,remove_small,1,314,107.8,0.0242
34544428.png,remove_small,2,379,130.12,0.0242
34575082.png,raw,1,824,282.9,0.0002
34575082.png,raw,2,791,271.57,0.0002
34575082.png,raw,3,663,227.62,0.0002
34575082.png,remove_small,1,824,282.9,0.0274
34575082.png,remove_small,2,791,271.57,0.0274
34575082.png,remove_small,3,663,227.62,0.0274
34743890.png,raw,1,445,152.78,0.0001
34743890.png,raw,2,546,187.45,0.0001
34743890.png,raw,3,625,214.58,0.0001
34743890.png,remove_small,1,445,152.78,0.0284
34743890.png,remove_small,2,546,187.45,0.0284
34743890.png,remove_small,3,625,214.58,0.0284
34794998.png,raw,1,56,19.23,0.0001
34794998.png,raw,2,110,37.77,0.0001
34794998.png,raw,3,313,107.46,0.0001
34794998.png,remove_small,1,110,37.77,0.0266
34794998.png,remove_small,2,313,107.46,0.0266
34835258.png,raw,1,2492,855.56,0.0001
34835258.png,raw,2,2014,691.45,0.0001
34835258.png,raw,3,1584,543.82,0.0001
34835258.png,raw,4,469,161.02,0.0001
34835258.png,remove_small,1,2492,855.56,0.026
34835258.png,remove_small,2,2014,691.45,0.026
34835258.png,remove_small,3,1584,543.82,0.026
34835258.png,remove_small,4,469,161.02,0.026
34884866.png,raw,1,330,113.3,0.0002
34884866.png,raw,2,427,146.6,0.0002
34884866.png,raw,3,401,137.67,0.0002
34884866.png,remove_small,1,330,113.3,0.0257
34884866.png,remove_small,2,427,146.6,0.0257
34884866.png,remove_small,3,401,137.67,0.0257
350314909.png,raw,1,101,34.68,0.0002
350314909.png,remove_small,1,101,34.68,0.0248
35031884.png,raw,1,294,100.94,0.0001
35031884.png,raw,2,316,108.49,0.0001
35031884.png,remove_small,1,294,100.94,0.0249
35031884.png,remove_small,2,316,108.49,0.0249
35049935.png,raw,1,367,126.0,0.0002
35049935.png,remove_small,1,367,126.0,0.0245
35101964.png,raw,1,472,162.05,0.0002
35101964.png,remove_small,1,472,162.05,0.0254
35137205.png,raw,1,840,288.39,0.0001
35137205.png,raw,2,798,273.97,0.0001
35137205.png,raw,3,715,245.48,0.0001
35137205.png,raw,4,596,204.62,0.0001
35137205.png,raw,5,654,224.53,0.0001
35137205.png,raw,6,1524,523.22,0.0001
35137205.png,raw,7,1181,405.46,0.0001
35137205.png,remove_small,1,840,288.39,0.0254
35137205.png,remove_small,2,798,273.97,0.0254
35137205.png,remove_small,3,715,245.48,0.0254
35137205.png,remove_small,4,596,204.62,0.0254
35137205.png,remove_small,5,654,224.53,0.0254
35137205.png,remove_small,6,1524,523.22,0.0254
35137205.png,remove_small,7,1181,405.46,0.0254
35176751.png,raw,1,1335,458.34,0.0002
35176751.png,raw,2,2781,954.78,0.0002
35176751.png,raw,3,188,64.54,0.0002
35176751.png,raw,4,2353,807.84,0.0002
35176751.png,raw,5,2386,819.17,0.0002
35176751.png,remove_small,1,1335,458.34,0.025
35176751.png,remove_small,2,2781,954.78,0.025
35176751.png,remove_small,3,188,64.54,0.025
35176751.png,remove_small,4,2353,807.84,0.025
35176751.png,remove_small,5,2386,819.17,0.025
35208446.png,raw,1,637,218.7,0.0001
35208446.png,raw,2,430,147.63,0.0001
35208446.png,raw,3,540,185.39,0.0001
35208446.png,remove_small,1,637,218.7,0.0272
35208446.png,remove_small,2,430,147.63,0.0272
35208446.png,remove_small,3,540,185.39,0.0272
35264730.png,raw,1,408,140.08,0.0001
35264730.png,raw,2,316,108.49,0.0001
35264730.png,raw,3,506,173.72,0.0001
35264730.png,raw,4,557,191.23,0.0001
35264730.png,remove_small,1,408,140.08,0.0282
35264730.png,remove_small,2,316,108.49,0.0282
35264730.png,remove_small,3,506,173.72,0.0282
35264730.png,remove_small,4,557,191.23,0.0282
35763480.png,raw,1,1329,456.28,0.0001
35763480.png,raw,2,1373,471.38,0.0001
35763480.png,remove_small,1,1329,456.28,0.0323
35763480.png,remove_small,2,1373,471.38,0.0323
35763481.png,raw,1,1334,457.99,0.0001
35763481.png,raw,2,1375,472.07,0.0001
35763481.png,remove_small,1,1334,457.99,0.0244
35763481.png,remove_small,2,1375,472.07,0.0244
35779459.png,raw,1,310,106.43,0.0001
35779459.png,raw,2,296,101.62,0.0001
35779459.png,raw,3,306,105.06,0.0001
35779459.png,remove_small,1,310,106.43,0.025
35779459.png,remove_small,2,296,101.62,0.025
35779459.png,remove_small,3,306,105.06,0.025
35796599.png,raw,1,309,106.09,0.0001
35796599.png,raw,2,158,54.24,0.0001
35796599.png,remove_small,1,309,106.09,0.0247
35796599.png,remove_small,2,158,54.24,0.0247
35818134.png,raw,1,557,191.23,0.0001
35818134.png,raw,2,609,209.08,0.0001
35818134.png,raw,3,250,85.83,0.0001
35818134.png,remove_small,1,557,191.23,0.0317
35818134.png,remove_small,2,609,209.08,0.0317
35818134.png,remove_small,3,250,85.83,0.0317
35818137.png,raw,1,1261,432.93,0.0001
35818137.png,raw,2,1203,413.02,0.0001
35818137.png,raw,3,1601,549.66,0.0001
35818137.png,raw,4,1555,533.87,0.0001
35818137.png,remove_small,1,1261,432.93,0.0251
35818137.png,remove_small,2,1203,413.02,0.0251
35818137.png,remove_small,3,1601,549.66,0.0251
35818137.png,remove_small,4,1555,533.87,0.0251
359404062.png,raw,1,342,117.42,0.0002
359404062.png,raw,2,434,149.0,0.0002
359404062.png,remove_small,1,342,117.42,0.0243
359404062.png,remove_small,2,434,149.0,0.0243
35954395.png,raw,1,319,109.52,0.0001
35954395.png,raw,2,52,17.85,0.0001
35954395.png,raw,3,60,20.6,0.0001
35954395.png,raw,4,517,177.5,0.0001
35954395.png,raw,5,72,24.72,0.0001
35954395.png,raw,6,981,336.8,0.0001
35954395.png,raw,7,993,340.92,0.0001
35954395.png,remove_small,1,319,109.52,0.0267
35954395.png,remove_small,2,517,177.5,0.0267
35954395.png,remove_small,3,981,336.8,0.0267
35954395.png,remove_small,4,993,340.92,0.0267
36183042.png,raw,1,333,114.33,0.0001
36183042.png,raw,2,672,230.71,0.0001
36183042.png,raw,3,424,145.57,0.0001
36183042.png,raw,4,669,229.68,0.0001
36183042.png,remove_small,1,333,114.33,0.0279
36183042.png,remove_small,2,672,230.71,0.0279
36183042.png,remove_small,3,424,145.57,0.0279
36183042.png,remove_small,4,669,229.68,0.0279
362202373.png,raw,1,540,185.39,0.0001
362202373.png,raw,2,583,200.16,0.0001
362202373.png,remove_small,1,540,185.39,0.0305
362202373.png,remove_small,2,583,200.16,0.0305
36239296.png,raw,1,463,158.96,0.0001
36239296.png,raw,2,319,109.52,0.0001
36239296.png,raw,3,315,108.15,0.0001
36239296.png,remove_small,1,463,158.96,0.0252
36239296.png,remove_small,2,319,109.52,0.0252
36239296.png,remove_small,3,315,108.15,0.0252
36355932.png,raw,1,643,220.76,0.0001
36355932.png,raw,2,692,237.58,0.0001
36355932.png,remove_small,1,643,220.76,0.0253
36355932.png,remove_small,2,692,237.58,0.0253
36733383.png,raw,1,397,136.3,0.0002
36733383.png,raw,2,508,174.41,0.0002
36733383.png,remove_small,1,397,136.3,0.0248
36733383.png,remove_small,2,508,174.41,0.0248
36770891.png,raw,1,702,241.01,0.0001
36770891.png,raw,2,667,229.0,0.0001
36770891.png,remove_small,1,702,241.01,0.0241
36770891.png,remove_small,2,667,229.0,0.0241
36857279.png,raw,1,32,10.99,0.0001
36929574.png,raw,1,293,100.59,0.0002
36929574.png,raw,2,473,162.39,0.0002
36929574.png,remove_small,1,293,100.59,0.0269
36929574.png,remove_small,2,473,162.39,0.0269
36929578.png,raw,1,463,158.96,0.0002
36929578.png,raw,2,445,152.78,0.0002
36929578.png,remove_small,1,463,158.96,0.0254
36929578.png,remove_small,2,445,152.78,0.0254
36938782.png,raw,1,560,192.26,0.0001
36938782.png,raw,2,626,214.92,0.0001
36938782.png,remove_small,1,560,192.26,0.0255
36938782.png,remove_small,2,626,214.92,0.0255
369680693.png,raw,1,3062,1051.25,0.0002
369680693.png,raw,2,2966,1018.3,0.0002
369680693.png,raw,3,676,232.09,0.0002
369680693.png,remove_small,1,3062,1051.25,0.0274
369680693.png,remove_small,2,2966,1018.3,0.0274
369680693.png,remove_small,3,676,232.09,0.0274
369929471.png,raw,1,524,179.9,0.0002
369929471.png,remove_small,1,524,179.9,0.025
369944837.png,raw,1,2029,696.6,0.0001
369944837.png,remove_small,1,2029,696.6,0.0253
370348954.png,raw,1,482,165.48,0.0002
370348954.png,remove_small,1,482,165.48,0.0253
37041671.png,raw,1,597,204.96,0.0001
37041671.png,raw,2,439,150.72,0.0001
37041671.png,remove_small,1,597,204.96,0.025
37041671.png,remove_small,2,439,150.72,0.025
37104218.png,raw,1,89,30.56,0.0001
37104218.png,raw,2,334,114.67,0.0001
37104218.png,remove_small,1,334,114.67,0.0255
374097852.png,raw,1,455,156.21,0.0001
374097852.png,raw,2,478,164.11,0.0001
374097852.png,remove_small,1,455,156.21,0.0247
374097852.png,remove_small,2,478,164.11,0.0247
37492609.png,raw,1,51,17.51,0.0001
37492609.png,raw,2,994,341.26,0.0001
37492609.png,remove_small,1,994,341.26,0.0249
37554416.png,raw,1,1623,557.21,0.0002
37554416.png,raw,2,731,250.97,0.0002
37554416.png,raw,3,898,308.3,0.0002
37554416.png,remove_small,1,1623,557.21,0.0264
37554416.png,remove_small,2,731,250.97,0.0264
37554416.png,remove_small,3,898,308.3,0.0264
37556247.png,raw,1,79,27.12,0.0001
37556247.png,raw,2,144,49.44,0.0001
37556247.png,remove_small,1,144,49.44,0.0257
37589484.png,raw,1,450,154.5,0.0001
37589484.png,raw,2,640,219.73,0.0001
37589484.png,raw,3,329,112.95,0.0001
37589484.png,remove_small,1,450,154.5,0.0309
37589484.png,remove_small,2,640,219.73,0.0309
37589484.png,remove_small,3,329,112.95,0.0309
37593158.png,raw,1,474,162.73,0.0002
37593158.png,raw,2,199,68.32,0.0002
37593158.png,raw,3,475,163.08,0.0002
37593158.png,remove_small,1,474,162.73,0.0259
37593158.png,remove_small,2,199,68.32,0.0259
37593158.png,remove_small,3,475,163.08,0.0259
37901299.png,raw,1,408,140.08,0.0001
37901299.png,raw,2,380,130.46,0.0001
37901299.png,remove_small,1,408,140.08,0.0251
37901299.png,remove_small,2,380,130.46,0.0251
37920796.png,raw,1,419,143.85,0.0001
37920796.png,remove_small,1,419,143.85,0.0258
38182023.png,raw,1,639,219.38,0.0001
38182023.png,remove_small,1,639,219.38,0.0267
38199294.png,raw,1,24,8.24,0.0002
38228538.png,raw,1,424,145.57,0.0002
38228538.png,raw,2,457,156.9,0.0002
38228538.png,remove_small,1,424,145.57,0.0249
38228538.png,remove_small,2,457,156.9,0.0249
38486453.png,raw,1,245,84.11,0.0001
38486453.png,remove_small,1,245,84.11,0.0242
38569681.png,raw,1,600,205.99,0.0001
38569681.png,raw,2,373,128.06,0.0001
38569681.png,raw,3,86,29.53,0.0001
38569681.png,raw,4,318,109.18,0.0001
38569681.png,remove_small,1,600,205.99,0.0254
38569681.png,remove_small,2,373,128.06,0.0254
38569681.png,remove_small,3,318,109.18,0.0254
38584673.png,raw,1,411,141.11,0.0001
38584673.png,raw,2,133,45.66,0.0001
38584673.png,raw,3,579,198.78,0.0001
38584673.png,raw,4,201,69.01,0.0001
38584673.png,remove_small,1,411,141.11,0.0268
38584673.png,remove_small,2,133,45.66,0.0268
38584673.png,remove_small,3,579,198.78,0.0268
38584673.png,remove_small,4,201,69.01,0.0268
38661452.png,raw,1,1200,411.99,0.0001
38661452.png,raw,2,1289,442.54,0.0001
38661452.png,raw,3,1657,568.89,0.0001
38661452.png,raw,4,1211,415.76,0.0001
38661452.png,remove_small,1,1200,411.99,0.0275
38661452.png,remove_small,2,1289,442.54,0.0275
38661452.png,remove_small,3,1657,568.89,0.0275
38661452.png,remove_small,4,1211,415.76,0.0275
38935375.png,raw,1,669,229.68,0.0002
38935375.png,raw,2,524,179.9,0.0002
38935375.png,raw,3,571,196.04,0.0002
38935375.png,raw,4,759,260.58,0.0002
38935375.png,remove_small,1,669,229.68,0.0267
38935375.png,remove_small,2,524,179.9,0.0267
38935375.png,remove_small,3,571,196.04,0.0267
38935375.png,remove_small,4,759,260.58,0.0267
39011884.png,raw,1,811,278.43,0.0001
39011884.png,raw,2,1246,427.78,0.0001
39011884.png,raw,3,1168,401.0,0.0001
39011884.png,remove_small,1,811,278.43,0.025
39011884.png,remove_small,2,1246,427.78,0.025
39011884.png,remove_small,3,1168,401.0,0.025
39094403.png,raw,1,334,114.67,0.0001
39094403.png,raw,2,791,271.57,0.0001
39094403.png,raw,3,655,224.88,0.0001
39094403.png,remove_small,1,334,114.67,0.0247
39094403.png,remove_small,2,791,271.57,0.0247
39094403.png,remove_small,3,655,224.88,0.0247
39167745.png,raw,1,241,82.74,0.0002
39167745.png,remove_small,1,241,82.74,0.0251
39229429.png,raw,1,902,309.68,0.0002
39229429.png,raw,2,1970,676.35,0.0002
39229429.png,remove_small,1,902,309.68,0.0256
39229429.png,remove_small,2,1970,676.35,0.0256
393038081.png,raw,1,624,214.23,0.0001
393038081.png,remove_small,1,624,214.23,0.0247
39428980.png,raw,1,1904,653.69,0.0001
39428980.png,raw,2,1864,639.95,0.0001
39428980.png,raw,3,992,340.58,0.0001
39428980.png,remove_small,1,1904,653.69,0.025
39428980.png,remove_small,2,1864,639.95,0.025
39428980.png,remove_small,3,992,340.58,0.025
395847307.png,raw,1,858,294.57,0.0001
395847307.png,raw,2,513,176.12,0.0001
395847307.png,raw,3,583,200.16,0.0001
395847307.png,raw,4,616,211.49,0.0001
395847307.png,raw,5,632,216.98,0.0001
395847307.png,remove_small,1,858,294.57,0.0255
395847307.png,remove_small,2,513,176.12,0.0255
395847307.png,remove_small,3,583,200.16,0.0255
395847307.png,remove_small,4,616,211.49,0.0255
395847307.png,remove_small,5,632,216.98,0.0255
39673714.png,raw,1,176,60.42,0.0001
39673714.png,remove_small,1,176,60.42,0.0249
39673717.png,raw,1,11,3.78,0.0001
398009782.png,raw,1,343,117.76,0.0001
398009782.png,raw,2,530,181.96,0.0001
398009782.png,remove_small,1,343,117.76,0.0286
398009782.png,remove_small,2,530,181.96,0.0286
398065057.png,raw,1,725,248.91,0.0001
398065057.png,raw,2,187,64.2,0.0001
398065057.png,remove_small,1,725,248.91,0.0247
398065057.png,remove_small,2,187,64.2,0.0247
401194997.png,raw,1,297,101.97,0.0001
401194997.png,raw,2,390,133.9,0.0001
401194997.png,remove_small,1,297,101.97,0.0255
401194997.png,remove_small,2,390,133.9,0.0255
401242480.png,raw,1,1287,441.86,0.0002
401242480.png,remove_small,1,1287,441.86,0.0262
40196734.png,raw,1,336,115.36,0.0002
40196734.png,raw,2,661,226.94,0.0002
40196734.png,raw,3,350,120.16,0.0002
40196734.png,remove_small,1,336,115.36,0.0257
40196734.png,remove_small,2,661,226.94,0.0257
40196734.png,remove_small,3,350,120.16,0.0257
40330047.png,raw,1,292,100.25,0.0002
40330047.png,raw,2,233,79.99,0.0002
40330047.png,remove_small,1,292,100.25,0.0284
40330047.png,remove_small,2,233,79.99,0.0284
40382025.png,raw,1,14,4.81,0.0001
40424560.png,raw,1,559,191.92,0.0001
40424560.png,raw,2,524,179.9,0.0001
40424560.png,raw,3,491,168.57,0.0001
40424560.png,remove_small,1,559,191.92,0.0273
40424560.png,remove_small,2,524,179.9,0.0273
40424560.png,remove_small,3,491,168.57,0.0273
40532850.png,raw,1,12,4.12,0.0001
40621568.png,raw,1,376,129.09,0.0001
40621568.png,remove_small,1,376,129.09,0.0233
40796173.png,raw,1,257,88.23,0.0002
40796173.png,raw,2,553,189.86,0.0002
40796173.png,remove_small,1,257,88.23,0.0254
40796173.png,remove_small,2,553,189.86,0.0254
41220612.png,raw,1,369,126.69,0.0002
41220612.png,raw,2,251,86.17,0.0002
41220612.png,remove_small,1,369,126.69,0.0282
41220612.png,remove_small,2,251,86.17,0.0282
41232144.png,raw,1,842,289.08,0.0002
41232144.png,raw,2,456,156.56,0.0002
41232144.png,raw,3,8,2.75,0.0002
41232144.png,remove_small,1,842,289.08,0.0243
41232144.png,remove_small,2,456,156.56,0.0243
41334801.png,raw,1,1381,474.13,0.0001
41334801.png,remove_small,1,1381,474.13,0.0255
41334805.png,raw,1,1349,463.14,0.0001
41334805.png,remove_small,1,1349,463.14,0.0285
41339133.png,raw,1,150,51.5,0.0001
41339133.png,remove_small,1,150,51.5,0.0279
41365603.png,raw,1,679,233.12,0.0001
41365603.png,remove_small,1,679,233.12,0.0269
41389401.png,raw,1,142,48.75,0.0002
41389401.png,raw,2,107,36.74,0.0002
41389401.png,raw,3,446,153.12,0.0002
41389401.png,remove_small,1,142,48.75,0.0243
41389401.png,remove_small,2,107,36.74,0.0243
41389401.png,remove_small,3,446,153.12,0.0243
41389404.png,raw,1,401,137.67,0.0001
41389404.png,raw,2,331,113.64,0.0001
41389404.png,raw,3,214,73.47,0.0001
41389404.png,raw,4,14,4.81,0.0001
41389404.png,remove_small,1,401,137.67,0.0245
41389404.png,remove_small,2,331,113.64,0.0245
41389404.png,remove_small,3,214,73.47,0.0245
41389594.png,raw,1,133,45.66,0.0001
41389594.png,raw,2,1024,351.56,0.0001
41389594.png,raw,3,1144,392.76,0.0001
41389594.png,remove_small,1,133,45.66,0.0264
41389594.png,remove_small,2,1024,351.56,0.0264
41389594.png,remove_small,3,1144,392.76,0.0264
41393659.png,raw,1,62,21.29,0.0001
41393659.png,raw,2,390,133.9,0.0001
41393659.png,remove_small,1,390,133.9,0.025
41393661.png,raw,1,340,116.73,0.0001
41393661.png,remove_small,1,340,116.73,0.025
41393668.png,raw,1,10,3.43,0.0001
41393668.png,raw,2,322,110.55,0.0001
41393668.png,remove_small,1,322,110.55,0.0258
41487803.png,raw,1,197,67.63,0.0001
41487803.png,raw,2,184,63.17,0.0001
41487803.png,raw,3,354,121.54,0.0001
41487803.png,remove_small,1,197,67.63,0.0255
41487803.png,remove_small,2,184,63.17,0.0255
41487803.png,remove_small,3,354,121.54,0.0255
41585685.png,raw,1,44,15.11,0.0001
41585685.png,raw,2,286,98.19,0.0001
41585685.png,raw,3,145,49.78,0.0001
41585685.png,remove_small,1,286,98.19,0.0244
41585685.png,remove_small,2,145,49.78,0.0244
41847231.png,raw,1,216,74.16,0.0002
41847231.png,remove_small,1,216,74.16,0.0248
41922880.png,raw,1,159,54.59,0.0001
41922880.png,raw,2,440,151.06,0.0001
41922880.png,remove_small,1,159,54.59,0.0279
41922880.png,remove_small,2,440,151.06,0.0279
42049947.png,raw,1,729,250.28,0.0001
42049947.png,remove_small,1,729,250.28,0.0275
42050342.png,raw,1,473,162.39,0.0001
42050342.png,raw,2,165,56.65,0.0001
42050342.png,remove_small,1,473,162.39,0.0256
42050342.png,remove_small,2,165,56.65,0.0256
42097854.png,raw,1,2802,961.99,0.0001
42097854.png,remove_small,1,2802,961.99,0.026
42146275.png,raw,1,368,126.34,0.0001
42146275.png,raw,2,1482,508.8,0.0001
42146275.png,remove_small,1,368,126.34,0.0253
42146275.png,remove_small,2,1482,508.8,0.0253
42213146.png,raw,1,703,241.36,0.0001
42213146.png,raw,2,97,33.3,0.0001
42213146.png,raw,3,35,12.02,0.0001
42213146.png,raw,4,607,208.4,0.0001
42213146.png,remove_small,1,703,241.36,0.0248
42213146.png,remove_small,2,607,208.4,0.0248
42372159.png,raw,1,275,94.41,0.0001
42372159.png,raw,2,28,9.61,0.0001
42372159.png,raw,3,881,302.47,0.0001
42372159.png,remove_small,1,275,94.41,0.0244
42372159.png,remove_small,2,881,302.47,0.0244
42410916.png,raw,1,1493,512.58,0.0001
42410916.png,raw,2,2407,826.38,0.0001
42410916.png,raw,3,1053,361.52,0.0001
42410916.png,raw,4,740,254.06,0.0001
42410916.png,raw,5,622,213.55,0.0001
42410916.png,raw,6,1105,379.37,0.0001
42410916.png,raw,7,431,147.97,0.0001
42410916.png,remove_small,1,1493,512.58,0.0242
42410916.png,remove_small,2,2407,826.38,0.0242
42410916.png,remove_small,3,1053,361.52,0.0242
42410916.png,remove_small,4,740,254.06,0.0242
42410916.png,remove_small,5,622,213.55,0.0242
42410916.png,remove_small,6,1105,379.37,0.0242
42410916.png,remove_small,7,431,147.97,0.0242
42411962.png,raw,1,1175,403.4,0.0001
42411962.png,raw,2,611,209.77,0.0001
42411962.png,remove_small,1,1175,403.4,0.0243
42411962.png,remove_small,2,611,209.77,0.0243
42423415.png,raw,1,741,254.4,0.0001
42423415.png,raw,2,470,161.36,0.0001
42423415.png,raw,3,1248,428.47,0.0001
42423415.png,remove_small,1,741,254.4,0.0273
42423415.png,remove_small,2,470,161.36,0.0273
42423415.png,remove_small,3,1248,428.47,0.0273
42488855.png,raw,1,1700,583.65,0.0001
42488855.png,raw,2,1403,481.68,0.0001
42488855.png,raw,3,181,62.14,0.0001
42488855.png,raw,4,681,233.8,0.0001
42488855.png,remove_small,1,1700,583.65,0.027
42488855.png,remove_small,2,1403,481.68,0.027
42488855.png,remove_small,3,181,62.14,0.027
42488855.png,remove_small,4,681,233.8,0.027
42491364.png,raw,1,137,47.04,0.0002
42491364.png,remove_small,1,137,47.04,0.0268
42507488.png,raw,1,1770,607.68,0.0001
42507488.png,raw,2,1749,600.47,0.0001
42507488.png,raw,3,1052,361.18,0.0001
42507488.png,raw,4,306,105.06,0.0001
42507488.png,raw,5,744,255.43,0.0001
42507488.png,remove_small,1,1770,607.68,0.0255
42507488.png,remove_small,2,1749,600.47,0.0255
42507488.png,remove_small,3,1052,361.18,0.0255
42507488.png,remove_small,4,306,105.06,0.0255
42507488.png,remove_small,5,744,255.43,0.0255
425333044.png,raw,1,1465,502.97,0.0001
425333044.png,remove_small,1,1465,502.97,0.0245
42560068.png,raw,1,924,317.23,0.0001
42560068.png,remove_small,1,924,317.23,0.0242
426662540.png,raw,1,344,118.1,0.0001
426662540.png,raw,2,420,144.2,0.0001
426662540.png,remove_small,1,344,118.1,0.0239
426662540.png,remove_small,2,420,144.2,0.0239
42676616.png,raw,1,405,139.05,0.0001
42676616.png,remove_small,1,405,139.05,0.0243
42677533.png,raw,1,285,97.85,0.0001
42677533.png,raw,2,5,1.72,0.0001
42677533.png,remove_small,1,285,97.85,0.0246
42677693.png,raw,1,263,90.29,0.0001
42677693.png,remove_small,1,263,90.29,0.0246
42678613.png,raw,1,419,143.85,0.0001
42678613.png,remove_small,1,419,143.85,0.0268
42736239.png,raw,1,1031,353.97,0.0001
42736239.png,raw,2,979,336.11,0.0001
42736239.png,remove_small,1,1031,353.97,0.0254
42736239.png,remove_small,2,979,336.11,0.0254
42797573.png,raw,1,23,7.9,0.0001
42797573.png,raw,2,49,16.82,0.0001
42799487.png,raw,1,2059,706.9,0.0001
42799487.png,remove_small,1,2059,706.9,0.0254
42804591.png,raw,1,478,164.11,0.0001
42804591.png,remove_small,1,478,164.11,0.0275
42809973.png,raw,1,2212,759.43,0.0001
42809973.png,raw,2,565,193.98,0.0001
42809973.png,raw,3,662,227.28,0.0001
42809973.png,remove_small,1,2212,759.43,0.0245
42809973.png,remove_small,2,565,193.98,0.0245
42809973.png,remove_small,3,662,227.28,0.0245
42848323.png,raw,1,432,148.32,0.0001
42848323.png,remove_small,1,432,148.32,0.0254
42867731.png,raw,1,322,110.55,0.0001
42867731.png,raw,2,263,90.29,0.0001
42867731.png,remove_small,1,322,110.55,0.0248
42867731.png,remove_small,2,263,90.29,0.0248
42874315.png,raw,1,575,197.41,0.0001
42874315.png,raw,2,167,57.33,0.0001
42874315.png,raw,3,396,135.96,0.0001
42874315.png,raw,4,80,27.47,0.0001
42874315.png,raw,5,198,67.98,0.0001
42874315.png,raw,6,521,178.87,0.0001
42874315.png,raw,7,358,122.91,0.0001
42874315.png,remove_small,1,575,197.41,0.0257
42874315.png,remove_small,2,167,57.33,0.0257
42874315.png,remove_small,3,396,135.96,0.0257
42874315.png,remove_small,4,198,67.98,0.0257
42874315.png,remove_small,5,521,178.87,0.0257
42874315.png,remove_small,6,358,122.91,0.0257
429431750.png,raw,1,40,13.73,0.0001
43217067.png,raw,1,656,225.22,0.0001
43217067.png,remove_small,1,656,225.22,0.0246
432579394.png,raw,1,684,234.83,0.0001
432579394.png,raw,2,712,244.45,0.0001
432579394.png,remove_small,1,684,234.83,0.0269
432579394.png,remove_small,2,712,244.45,0.0269
432637927.png,raw,1,136,46.69,0.0001
432637927.png,raw,2,250,85.83,0.0001
432637927.png,raw,3,295,101.28,0.0001
432637927.png,remove_small,1,136,46.69,0.0309
432637927.png,remove_small,2,250,85.83,0.0309
432637927.png,remove_small,3,295,101.28,0.0309
43667469.png,raw,1,274,94.07,0.0001
43667469.png,raw,2,185,63.51,0.0001
43667469.png,remove_small,1,274,94.07,0.0285
43667469.png,remove_small,2,185,63.51,0.0285
43688805.png,raw,1,1033,354.65,0.0001
43688805.png,raw,2,266,91.32,0.0001
43688805.png,raw,3,323,110.89,0.0001
43688805.png,raw,4,294,100.94,0.0001
43688805.png,remove_small,1,1033,354.65,0.0277
43688805.png,remove_small,2,266,91.32,0.0277
43688805.png,remove_small,3,323,110.89,0.0277
43688805.png,remove_small,4,294,100.94,0.0277
440387273.png,raw,1,688,236.21,0.0001
440387273.png,raw,2,583,200.16,0.0001
440387273.png,remove_small,1,688,236.21,0.0241
440387273.png,remove_small,2,583,200.16,0.0241
441487739.png,raw,1,271,93.04,0.0001
441487739.png,remove_small,1,271,93.04,0.0277
44194787.png,raw,1,856,293.88,0.0001
44194787.png,raw,2,601,206.34,0.0001
44194787.png,raw,3,592,203.25,0.0001
44194787.png,raw,4,357,122.57,0.0001
44194787.png,remove_small,1,856,293.88,0.0246
44194787.png,remove_small,2,601,206.34,0.0246
44194787.png,remove_small,3,592,203.25,0.0246
44194787.png,remove_small,4,357,122.57,0.0246
442199284.png,raw,1,72,24.72,0.0001
442199284.png,raw,2,1415,485.8,0.0001
442199284.png,raw,3,1653,567.51,0.0001
442199284.png,raw,4,1450,497.82,0.0001
442199284.png,remove_small,1,1415,485.8,0.025
442199284.png,remove_small,2,1653,567.51,0.025
442199284.png,remove_small,3,1450,497.82,0.025
442311590.png,raw,1,156,53.56,0.0001
442311590.png,remove_small,1,156,53.56,0.0253
44288738.png,raw,1,309,106.09,0.0001
44288738.png,raw,2,186,63.86,0.0001
44288738.png,remove_small,1,309,106.09,0.0254
44288738.png,remove_small,2,186,63.86,0.0254
443626375.png,raw,1,491,168.57,0.0001
443626375.png,remove_small,1,491,168.57,0.0263
44418507.png,raw,1,406,139.39,0.0001
44418507.png,raw,2,29,9.96,0.0001
44418507.png,raw,3,91,31.24,0.0001
44418507.png,remove_small,1,406,139.39,0.0278
445540777.png,raw,1,625,214.58,0.0001
445540777.png,raw,2,652,223.85,0.0001
445540777.png,remove_small,1,625,214.58,0.0278
445540777.png,remove_small,2,652,223.85,0.0278
445540778.png,raw,1,1420,487.52,0.0001
445540778.png,remove_small,1,1420,487.52,0.0252
45038813.png,raw,1,119,40.86,0.0001
45038813.png,raw,2,116,39.83,0.0001
45038813.png,remove_small,1,119,40.86,0.0254
45038813.png,remove_small,2,116,39.83,0.0254
45150187.png,raw,1,557,191.23,0.0001
45150187.png,raw,2,255,87.55,0.0001
45150187.png,raw,3,475,163.08,0.0001
45150187.png,remove_small,1,557,191.23,0.0254
45150187.png,remove_small,2,255,87.55,0.0254
45150187.png,remove_small,3,475,163.08,0.0254
45330411.png,raw,1,478,164.11,0.0001
45330411.png,raw,2,826,283.58,0.0001
45330411.png,remove_small,1,478,164.11,0.0266
45330411.png,remove_small,2,826,283.58,0.0266
45392690.png,raw,1,512,175.78,0.0002
45392690.png,remove_small,1,512,175.78,0.0348
458809046.png,raw,1,198,67.98,0.0002
458809046.png,raw,2,417,143.17,0.0002
458809046.png,remove_small,1,198,67.98,0.0315
458809046.png,remove_small,2,417,143.17,0.0315
459866101.png,raw,1,655,224.88,0.0001
459866101.png,remove_small,1,655,224.88,0.0252
460134233.png,raw,1,181,62.14,0.0002
460134233.png,raw,2,455,156.21,0.0002
460134233.png,raw,3,2,0.69,0.0002
460134233.png,raw,4,13,4.46,0.0002
460134233.png,remove_small,1,181,62.14,0.0267
460134233.png,remove_small,2,455,156.21,0.0267
461139468.png,raw,1,558,191.57,0.0002
461139468.png,remove_small,1,558,191.57,0.0275
463720110.png,raw,1,586,201.19,0.0001
463720110.png,remove_small,1,586,201.19,0.0247
46584363.png,raw,1,1108,380.4,0.0002
46584363.png,remove_small,1,1108,380.4,0.0254
46625712.png,raw,1,505,173.38,0.0002
46625712.png,raw,2,532,182.65,0.0002
46625712.png,remove_small,1,505,173.38,0.0248
46625712.png,remove_small,2,532,182.65,0.0248
46852069.png,raw,1,817,280.49,0.0002
46852069.png,remove_small,1,817,280.49,0.025
470331752.png,raw,1,507,174.06,0.0001
470331752.png,raw,2,490,168.23,0.0001
470331752.png,remove_small,1,507,174.06,0.0244
470331752.png,remove_small,2,490,168.23,0.0244
47184692.png,raw,1,501,172.0,0.0002
47184692.png,remove_small,1,501,172.0,0.0308
47323821.png,raw,1,578,198.44,0.0001
47323821.png,raw,2,669,229.68,0.0001
47323821.png,remove_small,1,578,198.44,0.0257
47323821.png,remove_small,2,669,229.68,0.0257
47651618.png,raw,1,13,4.46,0.0001
47651618.png,raw,2,93,31.93,0.0001
47651618.png,raw,3,35,12.02,0.0001
47651618.png,raw,4,122,41.89,0.0001
47651618.png,raw,5,293,100.59,0.0001
47651618.png,raw,6,254,87.2,0.0001
47651618.png,remove_small,1,122,41.89,0.0251
47651618.png,remove_small,2,293,100.59,0.0251
47651618.png,remove_small,3,254,87.2,0.0251
47799550.png,raw,1,239,82.05,0.0001
47799550.png,raw,2,305,104.71,0.0001
47799550.png,remove_small,1,239,82.05,0.0241
47799550.png,remove_small,2,305,104.71,0.0241
47987963.png,raw,1,477,163.76,0.0002
47987963.png,raw,2,425,145.91,0.0002
47987963.png,remove_small,1,477,163.76,0.0264
47987963.png,remove_small,2,425,145.91,0.0264
47991213.png,raw,1,617,211.83,0.0002
47991213.png,raw,2,544,186.77,0.0002
47991213.png,remove_small,1,617,211.83,0.026
47991213.png,remove_small,2,544,186.77,0.026
48067584.png,raw,1,523,179.56,0.0002
48067584.png,raw,2,596,204.62,0.0002
48067584.png,raw,3,499,171.32,0.0002
48067584.png,remove_small,1,523,179.56,0.0257
48067584.png,remove_small,2,596,204.62,0.0257
48067584.png,remove_small,3,499,171.32,0.0257
4826893.png,raw,1,343,117.76,0.0002
4826893.png,raw,2,1337,459.02,0.0002
4826893.png,remove_small,1,343,117.76,0.0246
4826893.png,remove_small,2,1337,459.02,0.0246
48428875.png,raw,1,183,62.83,0.0001
48428875.png,remove_small,1,183,62.83,0.0249
489431796.png,raw,1,131,44.98,0.0001
489431796.png,remove_small,1,131,44.98,0.0254
48950921.png,raw,1,219,75.19,0.0002
48950921.png,remove_small,1,219,75.19,0.0268
48965300.png,raw,1,422,144.88,0.0002
48965300.png,raw,2,570,195.69,0.0002
48965300.png,remove_small,1,422,144.88,0.025
48965300.png,remove_small,2,570,195.69,0.025
492683850.png,raw,1,663,227.62,0.0001
492683850.png,raw,2,612,210.11,0.0001
492683850.png,raw,3,612,210.11,0.0001
492683850.png,raw,4,670,230.03,0.0001
492683850.png,remove_small,1,663,227.62,0.0262
492683850.png,remove_small,2,612,210.11,0.0262
492683850.png,remove_small,3,612,210.11,0.0262
492683850.png,remove_small,4,670,230.03,0.0262
49299111.png,raw,1,1232,422.97,0.0001
49299111.png,remove_small,1,1232,422.97,0.025
493166214.png,raw,1,30,10.3,0.0001
493166214.png,raw,2,1002,344.01,0.0001
493166214.png,remove_small,1,1002,344.01,0.0252
49524903.png,raw,1,42,14.42,0.0001
49577401.png,raw,1,991,340.23,0.0002
49577401.png,raw,2,1891,649.22,0.0002
49577401.png,remove_small,1,991,340.23,0.0248
49577401.png,remove_small,2,1891,649.22,0.0248
49577448.png,raw,1,2105,722.69,0.0001
49577448.png,raw,2,2248,771.79,0.0001
49577448.png,raw,3,1149,394.48,0.0001
49577448.png,raw,4,977,335.43,0.0001
49577448.png,raw,5,853,292.85,0.0001
49577448.png,remove_small,1,2105,722.69,0.0256
49577448.png,remove_small,2,2248,771.79,0.0256
49577448.png,remove_small,3,1149,394.48,0.0256
49577448.png,remove_small,4,977,335.43,0.0256
49577448.png,remove_small,5,853,292.85,0.0256
49777155.png,raw,1,341,117.07,0.0001
49777155.png,raw,2,607,208.4,0.0001
49777155.png,raw,3,83,28.5,0.0001
49777155.png,remove_small,1,341,117.07,0.0268
49777155.png,remove_small,2,607,208.4,0.0268
49809955.png,raw,1,370,127.03,0.0002
49809955.png,raw,2,584,200.5,0.0002
49809955.png,remove_small,1,370,127.03,0.0317
49809955.png,remove_small,2,584,200.5,0.0317
499420463.png,raw,1,592,203.25,0.0001
499420463.png,raw,2,465,159.65,0.0001
499420463.png,remove_small,1,592,203.25,0.026
499420463.png,remove_small,2,465,159.65,0.026
50248876.png,raw,1,104,35.71,0.0001
50248876.png,remove_small,1,104,35.71,0.0259
50437748.png,raw,1,744,255.43,0.0002
50437748.png,remove_small,1,744,255.43,0.0243
50437750.png,raw,1,266,91.32,0.0001
50437750.png,remove_small,1,266,91.32,0.0245
50473335.png,raw,1,132,45.32,0.0001
50473335.png,raw,2,339,116.39,0.0001
50473335.png,remove_small,1,132,45.32,0.0244
50473335.png,remove_small,2,339,116.39,0.0244
505331660.png,raw,1,326,111.92,0.0001
505331660.png,raw,2,376,129.09,0.0001
505331660.png,remove_small,1,326,111.92,0.0256
505331660.png,remove_small,2,376,129.09,0.0256
50729129.png,raw,1,670,230.03,0.0003
50729129.png,remove_small,1,670,230.03,0.0288
50769557.png,raw,1,962,330.28,0.0001
50769557.png,remove_small,1,962,330.28,0.028
50898216.png,raw,1,218,74.84,0.0001
50898216.png,raw,2,114,39.14,0.0001
50898216.png,remove_small,1,218,74.84,0.025
50898216.png,remove_small,2,114,39.14,0.025
509473065.png,raw,1,426,146.26,0.0001
509473065.png,remove_small,1,426,146.26,0.0242
510121286.png,raw,1,577,198.1,0.0001
510121286.png,remove_small,1,577,198.1,0.0244
51231259.png,raw,1,776,266.42,0.0001
51231259.png,raw,2,811,278.43,0.0001
51231259.png,remove_small,1,776,266.42,0.0251
51231259.png,remove_small,2,811,278.43,0.0251
51397471.png,raw,1,350,120.16,0.0001
51397471.png,remove_small,1,350,120.16,0.0251
514427370.png,raw,1,602,206.68,0.0001
514427370.png,remove_small,1,602,206.68,0.0258
515358077.png,raw,1,1082,371.48,0.0001
515358077.png,remove_small,1,1082,371.48,0.025
517474762.png,raw,1,808,277.4,0.0002
517474762.png,remove_small,1,808,277.4,0.0308
51814660.png,raw,1,265,90.98,0.0002
51814660.png,remove_small,1,265,90.98,0.0258
518455594.png,raw,1,533,182.99,0.0001
518455594.png,raw,2,867,297.66,0.0001
518455594.png,raw,3,721,247.54,0.0001
518455594.png,raw,4,606,208.05,0.0001
518455594.png,raw,5,2067,709.65,0.0001
518455594.png,remove_small,1,533,182.99,0.0288
518455594.png,remove_small,2,867,297.66,0.0288
518455594.png,remove_small,3,721,247.54,0.0288
518455594.png,remove_small,4,606,208.05,0.0288
518455594.png,remove_small,5,2067,709.65,0.0288
51940126.png,raw,1,3883,1333.12,0.0001
51940126.png,remove_small,1,3883,1333.12,0.027
521204584.png,raw,1,51,17.51,0.0002
521204584.png,raw,2,486,166.85,0.0002
521204584.png,remove_small,1,486,166.85,0.0307
521359285.png,raw,1,451,154.84,0.0001
521359285.png,raw,2,530,181.96,0.0001
521359285.png,remove_small,1,451,154.84,0.0282
521359285.png,remove_small,2,530,181.96,0.0282
52443646.png,raw,1,441,151.41,0.0002
52443646.png,raw,2,485,166.51,0.0002
52443646.png,remove_small,1,441,151.41,0.0277
52443646.png,remove_small,2,485,166.51,0.0277
52521778.png,raw,1,29,9.96,0.0001
52521778.png,raw,2,129,44.29,0.0001
52521778.png,remove_small,1,129,44.29,0.0265
525964617.png,raw,1,127,43.6,0.0001
525964617.png,raw,2,1395,478.94,0.0001
525964617.png,raw,3,525,180.24,0.0001
525964617.png,raw,4,1357,465.89,0.0001
525964617.png,raw,5,998,342.64,0.0001
525964617.png,raw,6,375,128.75,0.0001
525964617.png,raw,7,710,243.76,0.0001
525964617.png,raw,8,600,205.99,0.0001
525964617.png,remove_small,1,127,43.6,0.0292
525964617.png,remove_small,2,1395,478.94,0.0292
525964617.png,remove_small,3,525,180.24,0.0292
525964617.png,remove_small,4,1357,465.89,0.0292
525964617.png,remove_small,5,998,342.64,0.0292
525964617.png,remove_small,6,375,128.75,0.0292
525964617.png,remove_small,7,710,243.76,0.0292
525964617.png,remove_small,8,600,205.99,0.0292
525964629.png,raw,1,2138,734.02,0.0001
525964629.png,raw,2,1927,661.58,0.0001
525964629.png,remove_small,1,2138,734.02,0.0313
525964629.png,remove_small,2,1927,661.58,0.0313
52698910.png,raw,1,35,12.02,0.0002
52705458.png,raw,1,196,67.29,0.0001
52705458.png,raw,2,269,92.35,0.0001
52705458.png,remove_small,1,196,67.29,0.025
52705458.png,remove_small,2,269,92.35,0.025
52834995.png,raw,1,342,117.42,0.0002
52834995.png,remove_small,1,342,117.42,0.0245
52889944.png,raw,1,616,211.49,0.0002
52889944.png,raw,2,86,29.53,0.0002
52889944.png,remove_small,1,616,211.49,0.0263
52983550.png,raw,1,1584,543.82,0.0002
52983550.png,raw,2,1561,535.93,0.0002
52983550.png,remove_small,1,1584,543.82,0.0247
52983550.png,remove_small,2,1561,535.93,0.0247
530750667.png,raw,1,324,111.24,0.0001
530750667.png,remove_small,1,324,111.24,0.0254
531609547.png,raw,1,574,197.07,0.0001
531609547.png,remove_small,1,574,197.07,0.0262
533605731.png,raw,1,599,205.65,0.0001
533605731.png,remove_small,1,599,205.65,0.026
53378027.png,raw,1,330,113.3,0.0001
53378027.png,raw,2,507,174.06,0.0001
53378027.png,remove_small,1,330,113.3,0.0276
53378027.png,remove_small,2,507,174.06,0.0276
53408171.png,raw,1,828,284.27,0.0002
53408171.png,raw,2,506,173.72,0.0002
53408171.png,remove_small,1,828,284.27,0.0272
53408171.png,remove_small,2,506,173.72,0.0272
53564529.png,raw,1,418,143.51,0.0001
53564529.png,remove_small,1,418,143.51,0.0244
53820093.png,raw,1,232,79.65,0.0002
53820093.png,remove_small,1,232,79.65,0.0334
53861631.png,raw,1,351,120.51,0.0002
53861631.png,raw,2,208,71.41,0.0002
53861631.png,remove_small,1,351,120.51,0.0267
53861631.png,remove_small,2,208,71.41,0.0267
5404079.png,raw,1,154,52.87,0.0001
5404079.png,remove_small,1,154,52.87,0.0257
54359256.png,raw,1,623,213.89,0.0001
54359256.png,raw,2,3433,1178.63,0.0001
54359256.png,raw,3,85,29.18,0.0001
54359256.png,raw,4,485,166.51,0.0001
54359256.png,remove_small,1,623,213.89,0.0265
54359256.png,remove_small,2,3433,1178.63,0.0265
54359256.png,remove_small,3,485,166.51,0.0265
54448056.png,raw,1,525,180.24,0.0002
54448056.png,raw,2,384,131.84,0.0002
54448056.png,remove_small,1,525,180.24,0.0287
54448056.png,remove_small,2,384,131.84,0.0287
55069713.png,raw,1,703,241.36,0.0001
55069713.png,raw,2,903,310.02,0.0001
55069713.png,raw,3,430,147.63,0.0001
55069713.png,raw,4,20,6.87,0.0001
55069713.png,remove_small,1,703,241.36,0.0246
55069713.png,remove_small,2,903,310.02,0.0246
55069713.png,remove_small,3,430,147.63,0.0246
551512205.png,raw,1,417,143.17,0.0002
551512205.png,raw,2,778,267.11,0.0002
551512205.png,raw,3,286,98.19,0.0002
551512205.png,remove_small,1,417,143.17,0.0258
551512205.png,remove_small,2,778,267.11,0.0258
551512205.png,remove_small,3,286,98.19,0.0258
55380550.png,raw,1,505,173.38,0.0002
55380550.png,remove_small,1,505,173.38,0.026
5544326.png,raw,1,450,154.5,0.0002
5544326.png,raw,2,231,79.31,0.0002
5544326.png,remove_small,1,450,154.5,0.0253
5544326.png,remove_small,2,231,79.31,0.0253
55592765.png,raw,1,1099,377.31,0.0002
55592765.png,remove_small,1,1099,377.31,0.0254
55781470.png,raw,1,5,1.72,0.0002
55781470.png,raw,2,87,29.87,0.0002
559702819.png,raw,1,1252,429.84,0.0001
559702819.png,raw,2,2024,694.89,0.0001
559702819.png,raw,3,2604,894.01,0.0001
559702819.png,raw,4,2091,717.89,0.0001
559702819.png,raw,5,2150,738.14,0.0001
559702819.png,raw,6,2865,983.62,0.0001
559702819.png,raw,7,2905,997.35,0.0001
559702819.png,raw,8,1974,677.72,0.0001
559702819.png,remove_small,1,1252,429.84,0.029
559702819.png,remove_small,2,2024,694.89,0.029
559702819.png,remove_small,3,2604,894.01,0.029
559702819.png,remove_small,4,2091,717.89,0.029
559702819.png,remove_small,5,2150,738.14,0.029
559702819.png,remove_small,6,2865,983.62,0.029
559702819.png,remove_small,7,2905,997.35,0.029
559702819.png,remove_small,8,1974,677.72,0.029
56030463.png,raw,1,538,184.71,0.0002
56030463.png,remove_small,1,538,184.71,0.0284
560487216.png,raw,1,8,2.75,0.0002
560487216.png,raw,2,102,35.02,0.0002
560487216.png,remove_small,1,102,35.02,0.0284
560700336.png,raw,1,24,8.24,0.0001
560700336.png,raw,2,590,202.56,0.0001
560700336.png,remove_small,1,590,202.56,0.0252
56493387.png,raw,1,440,151.06,0.0002
56493387.png,raw,2,620,212.86,0.0002
56493387.png,remove_small,1,440,151.06,0.0253
56493387.png,remove_small,2,620,212.86,0.0253
567927736.png,raw,1,461,158.27,0.0002
567927736.png,remove_small,1,461,158.27,0.027
568443915.png,raw,1,318,109.18,0.0003
568443915.png,remove_small,1,318,109.18,0.029
57727004.png,raw,1,1453,498.85,0.0001
57727004.png,raw,2,1440,494.38,0.0001
57727004.png,remove_small,1,1453,498.85,0.025
57727004.png,remove_small,2,1440,494.38,0.025
57834546.png,raw,1,370,127.03,0.0002
57834546.png,raw,2,425,145.91,0.0002
57834546.png,remove_small,1,370,127.03,0.0254
57834546.png,remove_small,2,425,145.91,0.0254
585740254.png,raw,1,513,176.12,0.0002
585740254.png,raw,2,615,211.14,0.0002
585740254.png,remove_small,1,513,176.12,0.0275
585740254.png,remove_small,2,615,211.14,0.0275
58717545.png,raw,1,926,317.92,0.0002
58717545.png,remove_small,1,926,317.92,0.027
58868869.png,raw,1,108,37.08,0.0002
58868869.png,raw,2,223,76.56,0.0002
58868869.png,raw,3,475,163.08,0.0002
58868869.png,raw,4,293,100.59,0.0002
58868869.png,remove_small,1,108,37.08,0.0247
58868869.png,remove_small,2,223,76.56,0.0247
58868869.png,remove_small,3,475,163.08,0.0247
58868869.png,remove_small,4,293,100.59,0.0247
589264578.png,raw,1,505,173.38,0.0001
589264578.png,raw,2,347,119.13,0.0001
589264578.png,raw,3,539,185.05,0.0001
589264578.png,remove_small,1,505,173.38,0.0276
589264578.png,remove_small,2,347,119.13,0.0276
589264578.png,remove_small,3,539,185.05,0.0276
59026005.png,raw,1,1142,392.07,0.0002
59026005.png,remove_small,1,1142,392.07,0.0324
59295319.png,raw,1,252,86.52,0.0002
59295319.png,raw,2,1061,364.27,0.0002
59295319.png,remove_small,1,252,86.52,0.0261
59295319.png,remove_small,2,1061,364.27,0.0261
59313069.png,raw,1,555,190.54,0.0001
59313069.png,raw,2,499,171.32,0.0001
59313069.png,raw,3,525,180.24,0.0001
59313069.png,remove_small,1,555,190.54,0.0261
59313069.png,remove_small,2,499,171.32,0.0261
59313069.png,remove_small,3,525,180.24,0.0261
59461221.png,raw,1,578,198.44,0.0001
59461221.png,remove_small,1,578,198.44,0.0255
59461222.png,raw,1,167,57.33,0.0001
59461222.png,raw,2,150,51.5,0.0001
59461222.png,remove_small,1,167,57.33,0.0354
59461222.png,remove_small,2,150,51.5,0.0354
59925390.png,raw,1,2351,807.15,0.0001
59925390.png,remove_small,1,2351,807.15,0.0276
60032354.png,raw,1,211,72.44,0.0001
60032354.png,raw,2,36,12.36,0.0001
60032354.png,raw,3,461,158.27,0.0001
60032354.png,remove_small,1,211,72.44,0.025
60032354.png,remove_small,2,461,158.27,0.025
601164480.png,raw,1,1107,380.06,0.0001
601164480.png,remove_small,1,1107,380.06,0.0261
60210968.png,raw,1,391,134.24,0.0001
60210968.png,remove_small,1,391,134.24,0.0289
60261691.png,raw,1,449,154.15,0.0001
60261691.png,raw,2,336,115.36,0.0001
60261691.png,remove_small,1,449,154.15,0.0262
60261691.png,remove_small,2,336,115.36,0.0262
60319818.png,raw,1,357,122.57,0.0001
60319818.png,remove_small,1,357,122.57,0.0256
603661085.png,raw,1,2653,910.84,0.0001
603661085.png,raw,2,2544,873.41,0.0001
603661085.png,raw,3,2272,780.03,0.0001
603661085.png,remove_small,1,2653,910.84,0.0258
603661085.png,remove_small,2,2544,873.41,0.0258
603661085.png,remove_small,3,2272,780.03,0.0258
603926357.png,raw,1,563,193.29,0.0001
603926357.png,remove_small,1,563,193.29,0.025
60450500.png,raw,1,525,180.24,0.0001
60450500.png,raw,2,433,148.66,0.0001
60450500.png,remove_small,1,525,180.24,0.0244
60450500.png,remove_small,2,433,148.66,0.0244
60486648.png,raw,1,756,259.55,0.0001
60486648.png,raw,2,12,4.12,0.0001
60486648.png,raw,3,542,186.08,0.0001
60486648.png,remove_small,1,756,259.55,0.0301
60486648.png,remove_small,2,542,186.08,0.0301
60675896.png,raw,1,476,163.42,0.0001
60675896.png,raw,2,565,193.98,0.0001
60675896.png,remove_small,1,476,163.42,0.0319
60675896.png,remove_small,2,565,193.98,0.0319
60731288.png,raw,1,689,236.55,0.0001
60731288.png,raw,2,702,241.01,0.0001
60731288.png,raw,3,202,69.35,0.0001
60731288.png,remove_small,1,689,236.55,0.0285
60731288.png,remove_small,2,702,241.01,0.0285
60731288.png,remove_small,3,202,69.35,0.0285
607931878.png,raw,1,509,174.75,0.0001
607931878.png,remove_small,1,509,174.75,0.0258
60904458.png,raw,1,921,316.2,0.0001
60904458.png,remove_small,1,921,316.2,0.0254
60924289.png,raw,1,299,102.65,0.0001
60924289.png,raw,2,322,110.55,0.0001
60924289.png,raw,3,396,135.96,0.0001
60924289.png,remove_small,1,299,102.65,0.0252
60924289.png,remove_small,2,322,110.55,0.0252
60924289.png,remove_small,3,396,135.96,0.0252
614449620.png,raw,1,1243,426.75,0.0001
614449620.png,raw,2,802,275.34,0.0001
614449620.png,remove_small,1,1243,426.75,0.0282
614449620.png,remove_small,2,802,275.34,0.0282
61814022.png,raw,1,453,155.53,0.0001
61814022.png,raw,2,521,178.87,0.0001
61814022.png,raw,3,319,109.52,0.0001
61814022.png,remove_small,1,453,155.53,0.0254
61814022.png,remove_small,2,521,178.87,0.0254
61814022.png,remove_small,3,319,109.52,0.0254
61918154.png,raw,1,163,55.96,0.0001
61918154.png,raw,2,1353,464.52,0.0001
61918154.png,remove_small,1,163,55.96,0.0248
61918154.png,remove_small,2,1353,464.52,0.0248
625506505.png,raw,1,603,207.02,0.0001
625506505.png,raw,2,479,164.45,0.0001
625506505.png,remove_small,1,603,207.02,0.0253
625506505.png,remove_small,2,479,164.45,0.0253
628121948.png,raw,1,429,147.29,0.0001
628121948.png,remove_small,1,429,147.29,0.0254
63108373.png,raw,1,419,143.85,0.0001
63108373.png,raw,2,31,10.64,0.0001
63108373.png,remove_small,1,419,143.85,0.0335
63114179.png,raw,1,1135,389.67,0.0001
63114179.png,raw,2,1450,497.82,0.0001
63114179.png,raw,3,1073,368.39,0.0001
63114179.png,remove_small,1,1135,389.67,0.0247
63114179.png,remove_small,2,1450,497.82,0.0247
63114179.png,remove_small,3,1073,368.39,0.0247
634241603.png,raw,1,478,164.11,0.0001
634241603.png,raw,2,493,169.26,0.0001
634241603.png,raw,3,611,209.77,0.0001
634241603.png,remove_small,1,478,164.11,0.0248
634241603.png,remove_small,2,493,169.26,0.0248
634241603.png,remove_small,3,611,209.77,0.0248
636795370.png,raw,1,396,135.96,0.0001
636795370.png,remove_small,1,396,135.96,0.0244
637595524.png,raw,1,755,259.21,0.0001
637595524.png,raw,2,1128,387.27,0.0001
637595524.png,raw,3,1862,639.27,0.0001
637595524.png,raw,4,1786,613.17,0.0001
637595524.png,remove_small,1,755,259.21,0.0258
637595524.png,remove_small,2,1128,387.27,0.0258
637595524.png,remove_small,3,1862,639.27,0.0258
637595524.png,remove_small,4,1786,613.17,0.0258
638513806.png,raw,1,617,211.83,0.0001
638513806.png,remove_small,1,617,211.83,0.0264
638621025.png,raw,1,4,1.37,0.0001
638621025.png,raw,2,322,110.55,0.0001
638621025.png,raw,3,148,50.81,0.0001
638621025.png,remove_small,1,322,110.55,0.0294
638621025.png,remove_small,2,148,50.81,0.0294
638697643.png,raw,1,349,119.82,0.0001
638697643.png,raw,2,567,194.66,0.0001
638697643.png,raw,3,23,7.9,0.0001
638697643.png,raw,4,259,88.92,0.0001
638697643.png,raw,5,394,135.27,0.0001
638697643.png,raw,6,313,107.46,0.0001
638697643.png,remove_small,1,349,119.82,0.0266
638697643.png,remove_small,2,567,194.66,0.0266
638697643.png,remove_small,3,259,88.92,0.0266
638697643.png,remove_small,4,394,135.27,0.0266
638697643.png,remove_small,5,313,107.46,0.0266
638697644.png,raw,1,490,168.23,0.0001
638697644.png,raw,2,316,108.49,0.0001
638697644.png,remove_small,1,490,168.23,0.0253
638697644.png,remove_small,2,316,108.49,0.0253
63972491.png,raw,1,1092,374.91,0.0001
63972491.png,remove_small,1,1092,374.91,0.0323
64004313.png,raw,1,887,304.53,0.0001
64004313.png,remove_small,1,887,304.53,0.0263
641340358.png,raw,1,666,228.65,0.0001
641340358.png,raw,2,390,133.9,0.0001
641340358.png,raw,3,289,99.22,0.0001
641340358.png,raw,4,453,155.53,0.0001
641340358.png,raw,5,788,270.54,0.0001
641340358.png,raw,6,720,247.19,0.0001
641340358.png,raw,7,26,8.93,0.0001
641340358.png,raw,8,62,21.29,0.0001
641340358.png,remove_small,1,666,228.65,0.026
641340358.png,remove_small,2,390,133.9,0.026
641340358.png,remove_small,3,289,99.22,0.026
641340358.png,remove_small,4,453,155.53,0.026
641340358.png,remove_small,5,788,270.54,0.026
641340358.png,remove_small,6,720,247.19,0.026
64864388.png,raw,1,488,167.54,0.0001
64864388.png,raw,2,441,151.41,0.0001
64864388.png,remove_small,1,488,167.54,0.0278
64864388.png,remove_small,2,441,151.41,0.0278
650955342.png,raw,1,451,154.84,0.0001
650955342.png,remove_small,1,451,154.84,0.029
651616915.png,raw,1,252,86.52,0.0001
651616915.png,remove_small,1,252,86.52,0.0256
65578861.png,raw,1,507,174.06,0.0001
65578861.png,raw,2,347,119.13,0.0001
65578861.png,remove_small,1,507,174.06,0.0243
65578861.png,remove_small,2,347,119.13,0.0243
656842252.png,raw,1,850,291.82,0.0001
656842252.png,raw,2,826,283.58,0.0001
656842252.png,remove_small,1,850,291.82,0.0293
656842252.png,remove_small,2,826,283.58,0.0293
656842254.png,raw,1,892,306.24,0.0001
656842254.png,raw,2,941,323.07,0.0001
656842254.png,remove_small,1,892,306.24,0.0274
656842254.png,remove_small,2,941,323.07,0.0274
65757375.png,raw,1,665,228.31,0.0001
65757375.png,raw,2,194,66.6,0.0001
65757375.png,remove_small,1,665,228.31,0.0248
65757375.png,remove_small,2,194,66.6,0.0248
66038431.png,raw,1,513,176.12,0.0001
66038431.png,raw,2,1388,476.53,0.0001
66038431.png,raw,3,337,115.7,0.0001
66038431.png,raw,4,592,203.25,0.0001
66038431.png,raw,5,670,230.03,0.0001
66038431.png,raw,6,994,341.26,0.0001
66038431.png,raw,7,718,246.51,0.0001
66038431.png,raw,8,1287,441.86,0.0001
66038431.png,remove_small,1,513,176.12,0.0262
66038431.png,remove_small,2,1388,476.53,0.0262
66038431.png,remove_small,3,337,115.7,0.0262
66038431.png,remove_small,4,592,203.25,0.0262
66038431.png,remove_small,5,670,230.03,0.0262
66038431.png,remove_small,6,994,341.26,0.0262
66038431.png,remove_small,7,718,246.51,0.0262
66038431.png,remove_small,8,1287,441.86,0.0262
660795492.png,raw,1,521,178.87,0.0001
660795492.png,raw,2,177,60.77,0.0001
660795492.png,remove_small,1,521,178.87,0.0309
660795492.png,remove_small,2,177,60.77,0.0309
663465760.png,raw,1,100,34.33,0.0001
663465760.png,remove_small,1,100,34.33,0.0258
671314179.png,raw,1,69,23.69,0.0001
671314179.png,raw,2,18,6.18,0.0001
67187076.png,raw,1,500,171.66,0.0001
67187076.png,raw,2,708,243.07,0.0001
67187076.png,remove_small,1,500,171.66,0.0244
67187076.png,remove_small,2,708,243.07,0.0244
674736058.png,raw,1,498,170.97,0.0001
674736058.png,raw,2,246,84.46,0.0001
674736058.png,remove_small,1,498,170.97,0.0273
674736058.png,remove_small,2,246,84.46,0.0273
67549712.png,raw,1,615,211.14,0.0001
67549712.png,remove_small,1,615,211.14,0.0249
67550965.png,raw,1,528,181.27,0.0001
67550965.png,raw,2,1198,411.3,0.0001
67550965.png,remove_small,1,528,181.27,0.0275
67550965.png,remove_small,2,1198,411.3,0.0275
678937257.png,raw,1,470,161.36,0.0001
678937257.png,raw,2,385,132.18,0.0001
678937257.png,raw,3,2,0.69,0.0001
678937257.png,remove_small,1,470,161.36,0.0315
678937257.png,remove_small,2,385,132.18,0.0315
680973700.png,raw,1,632,216.98,0.0001
680973700.png,remove_small,1,632,216.98,0.0247
683227471.png,raw,1,1658,569.23,0.0001
683227471.png,remove_small,1,1658,569.23,0.0248
683592331.png,raw,1,87,29.87,0.0001
683592331.png,raw,2,392,134.58,0.0001
683592331.png,raw,3,93,31.93,0.0001
683592331.png,remove_small,1,392,134.58,0.0242
684981832.png,raw,1,518,177.84,0.0001
684981832.png,raw,2,517,177.5,0.0001
684981832.png,remove_small,1,518,177.84,0.025
684981832.png,remove_small,2,517,177.5,0.025
68505893.png,raw,1,1177,404.09,0.0001
68505893.png,remove_small,1,1177,404.09,0.0248
688046617.png,raw,1,258,88.58,0.0001
688046617.png,remove_small,1,258,88.58,0.0248
68834307.png,raw,1,132,45.32,0.0001
68834307.png,remove_small,1,132,45.32,0.0254
69728137.png,raw,1,201,69.01,0.0001
69728137.png,raw,2,19,6.52,0.0001
69728137.png,raw,3,377,129.43,0.0001
69728137.png,remove_small,1,201,69.01,0.0272
69728137.png,remove_small,2,377,129.43,0.0272
70191354.png,raw,1,581,199.47,0.0001
70191354.png,raw,2,681,233.8,0.0001
70191354.png,remove_small,1,581,199.47,0.0243
70191354.png,remove_small,2,681,233.8,0.0243
702094456.png,raw,1,558,191.57,0.0001
702094456.png,remove_small,1,558,191.57,0.0244
702503404.png,raw,1,1752,601.5,0.0001
702503404.png,remove_small,1,1752,601.5,0.0243
70807475.png,raw,1,623,213.89,0.0001
70807475.png,raw,2,747,256.46,0.0001
70807475.png,raw,3,258,88.58,0.0001
70807475.png,remove_small,1,623,213.89,0.0266
70807475.png,remove_small,2,747,256.46,0.0266
70807475.png,remove_small,3,258,88.58,0.0266
70807732.png,raw,1,408,140.08,0.0001
70807732.png,raw,2,435,149.35,0.0001
70807732.png,remove_small,1,408,140.08,0.0252
70807732.png,remove_small,2,435,149.35,0.0252
70807750.png,raw,1,94,32.27,0.0001
70875851.png,raw,1,191,65.57,0.0001
70875851.png,raw,2,389,133.55,0.0001
70875851.png,remove_small,1,191,65.57,0.0252
70875851.png,remove_small,2,389,133.55,0.0252
71270250.png,raw,1,641,220.07,0.0001
71270250.png,raw,2,622,213.55,0.0001
71270250.png,raw,3,468,160.68,0.0001
71270250.png,remove_small,1,641,220.07,0.0241
71270250.png,remove_small,2,622,213.55,0.0241
71270250.png,remove_small,3,468,160.68,0.0241
720043137.png,raw,1,626,214.92,0.0001
720043137.png,remove_small,1,626,214.92,0.0279
72658372.png,raw,1,582,199.81,0.0001
72658372.png,raw,2,616,211.49,0.0001
72658372.png,remove_small,1,582,199.81,0.0258
72658372.png,remove_small,2,616,211.49,0.0258
732214681.png,raw,1,570,195.69,0.0001
732214681.png,raw,2,592,203.25,0.0001
732214681.png,remove_small,1,570,195.69,0.0246
732214681.png,remove_small,2,592,203.25,0.0246
733528088.png,raw,1,2302,790.33,0.0001
733528088.png,raw,2,1899,651.97,0.0001
733528088.png,raw,3,388,133.21,0.0001
733528088.png,raw,4,382,131.15,0.0001
733528088.png,raw,5,387,132.87,0.0001
733528088.png,remove_small,1,2302,790.33,0.0243
733528088.png,remove_small,2,1899,651.97,0.0243
733528088.png,remove_small,3,388,133.21,0.0243
733528088.png,remove_small,4,382,131.15,0.0243
733528088.png,remove_small,5,387,132.87,0.0243
733528089.png,raw,1,1992,683.9,0.0001
733528089.png,raw,2,1638,562.36,0.0001
733528089.png,raw,3,326,111.92,0.0001
733528089.png,raw,4,285,97.85,0.0001
733528089.png,raw,5,407,139.73,0.0001
733528089.png,remove_small,1,1992,683.9,0.0248
733528089.png,remove_small,2,1638,562.36,0.0248
733528089.png,remove_small,3,326,111.92,0.0248
733528089.png,remove_small,4,285,97.85,0.0248
733528089.png,remove_small,5,407,139.73,0.0248
733568166.png,raw,1,271,93.04,0.0001
733568166.png,raw,2,228,78.28,0.0001
733568166.png,remove_small,1,271,93.04,0.0255
733568166.png,remove_small,2,228,78.28,0.0255
735309256.png,raw,1,529,181.62,0.0001
735309256.png,raw,2,301,103.34,0.0001
735309256.png,remove_small,1,529,181.62,0.0321
735309256.png,remove_small,2,301,103.34,0.0321
736346134.png,raw,1,80,27.47,0.0001
73968154.png,raw,1,213,73.13,0.0001
73968154.png,raw,2,660,226.59,0.0001
73968154.png,remove_small,1,213,73.13,0.0259
73968154.png,remove_small,2,660,226.59,0.0259
741271803.png,raw,1,582,199.81,0.0001
741271803.png,raw,2,279,95.79,0.0001
741271803.png,remove_small,1,582,199.81,0.0248
741271803.png,remove_small,2,279,95.79,0.0248
741271808.png,raw,1,667,229.0,0.0001
741271808.png,remove_small,1,667,229.0,0.0248
741631067.png,raw,1,1082,371.48,0.0001
741631067.png,raw,2,1200,411.99,0.0001
741631067.png,remove_small,1,1082,371.48,0.0254
741631067.png,remove_small,2,1200,411.99,0.0254
742692272.png,raw,1,449,154.15,0.0001
742692272.png,remove_small,1,449,154.15,0.026
742838206.png,raw,1,529,181.62,0.0001
742838206.png,raw,2,609,209.08,0.0001
742838206.png,remove_small,1,529,181.62,0.0241
742838206.png,remove_small,2,609,209.08,0.0241
744729983.png,raw,1,504,173.03,0.0001
744729983.png,remove_small,1,504,173.03,0.0242
744729984.png,raw,1,589,202.22,0.0001
744729984.png,raw,2,259,88.92,0.0001
744729984.png,remove_small,1,589,202.22,0.0252
744729984.png,remove_small,2,259,88.92,0.0252
747150678.png,raw,1,715,245.48,0.0001
747150678.png,raw,2,475,163.08,0.0001
747150678.png,remove_small,1,715,245.48,0.0255
747150678.png,remove_small,2,475,163.08,0.0255
747431853.png,raw,1,97,33.3,0.0001
747431853.png,raw,2,42,14.42,0.0001
74893659.png,raw,1,1351,463.83,0.0001
74893659.png,remove_small,1,1351,463.83,0.027
750120312.png,raw,1,298,102.31,0.0001
750120312.png,raw,2,243,83.43,0.0001
750120312.png,remove_small,1,298,102.31,0.0255
750120312.png,remove_small,2,243,83.43,0.0255
752744279.png,raw,1,219,75.19,0.0001
752744279.png,remove_small,1,219,75.19,0.0252
753686500.png,raw,1,13,4.46,0.0001
753686500.png,raw,2,86,29.53,0.0001
75502743.png,raw,1,350,120.16,0.0001
75502743.png,raw,2,524,179.9,0.0001
75502743.png,raw,3,282,96.82,0.0001
75502743.png,raw,4,396,135.96,0.0001
75502743.png,remove_small,1,350,120.16,0.0247
75502743.png,remove_small,2,524,179.9,0.0247
75502743.png,remove_small,3,282,96.82,0.0247
75502743.png,remove_small,4,396,135.96,0.0247
757086644.png,raw,1,386,132.52,0.0001
757086644.png,raw,2,505,173.38,0.0001
757086644.png,remove_small,1,386,132.52,0.0248
757086644.png,remove_small,2,505,173.38,0.0248
757456781.png,raw,1,23,7.9,0.0001
75865676.png,raw,1,758,260.24,0.0001
75865676.png,raw,2,494,169.6,0.0001
75865676.png,raw,3,611,209.77,0.0001
75865676.png,remove_small,1,758,260.24,0.0257
75865676.png,remove_small,2,494,169.6,0.0257
75865676.png,remove_small,3,611,209.77,0.0257
759967511.png,raw,1,1132,388.64,0.0001
759967511.png,raw,2,1528,524.6,0.0001
759967511.png,raw,3,469,161.02,0.0001
759967511.png,remove_small,1,1132,388.64,0.0268
759967511.png,remove_small,2,1528,524.6,0.0268
759967511.png,remove_small,3,469,161.02,0.0268
760464288.png,raw,1,566,194.32,0.0001
760464288.png,remove_small,1,566,194.32,0.027
76246159.png,raw,1,1197,410.96,0.0001
76246159.png,raw,2,1100,377.66,0.0001
76246159.png,remove_small,1,1197,410.96,0.0241
76246159.png,remove_small,2,1100,377.66,0.0241
764610855.png,raw,1,73,25.06,0.0001
766015937.png,raw,1,542,186.08,0.0001
766015937.png,remove_small,1,542,186.08,0.0254
77038371.png,raw,1,1446,496.44,0.0001
77038371.png,remove_small,1,1446,496.44,0.0318
77179271.png,raw,1,457,156.9,0.0001
77179271.png,raw,2,1796,616.61,0.0001
77179271.png,raw,3,1757,603.22,0.0001
77179271.png,remove_small,1,457,156.9,0.0244
77179271.png,remove_small,2,1796,616.61,0.0244
77179271.png,remove_small,3,1757,603.22,0.0244
77466242.png,raw,1,306,105.06,0.0001
77466242.png,raw,2,218,74.84,0.0001
77466242.png,raw,3,127,43.6,0.0001
77466242.png,remove_small,1,306,105.06,0.0262
77466242.png,remove_small,2,218,74.84,0.0262
77466242.png,remove_small,3,127,43.6,0.0262
77694901.png,raw,1,89,30.56,0.0001
77694901.png,raw,2,27,9.27,0.0001
77697810.png,raw,1,202,69.35,0.0001
77697810.png,remove_small,1,202,69.35,0.0251
779323479.png,raw,1,225,77.25,0.0001
779323479.png,raw,2,353,121.19,0.0001
779323479.png,remove_small,1,225,77.25,0.0254
779323479.png,remove_small,2,353,121.19,0.0254
782652069.png,raw,1,332,113.98,0.0001
782652069.png,remove_small,1,332,113.98,0.029
783540401.png,raw,1,419,143.85,0.0001
783540401.png,raw,2,129,44.29,0.0001
783540401.png,remove_small,1,419,143.85,0.0249
783540401.png,remove_small,2,129,44.29,0.0249
78390816.png,raw,1,353,121.19,0.0001
78390816.png,raw,2,178,61.11,0.0001
78390816.png,remove_small,1,353,121.19,0.0251
78390816.png,remove_small,2,178,61.11,0.0251
78441545.png,raw,1,205,70.38,0.0001
78441545.png,raw,2,597,204.96,0.0001
78441545.png,raw,3,510,175.09,0.0001
78441545.png,raw,4,2,0.69,0.0001
78441545.png,raw,5,7,2.4,0.0001
78441545.png,raw,6,972,333.71,0.0001
78441545.png,remove_small,1,205,70.38,0.0246
78441545.png,remove_small,2,597,204.96,0.0246
78441545.png,remove_small,3,510,175.09,0.0246
78441545.png,remove_small,4,972,333.71,0.0246
78441561.png,raw,1,518,177.84,0.0001
78441561.png,raw,2,293,100.59,0.0001
78441561.png,remove_small,1,518,177.84,0.0242
78441561.png,remove_small,2,293,100.59,0.0242
78689337.png,raw,1,590,202.56,0.0001
78689337.png,remove_small,1,590,202.56,0.0246
786996862.png,raw,1,592,203.25,0.0001
786996862.png,raw,2,1052,361.18,0.0001
786996862.png,raw,3,484,166.17,0.0001
786996862.png,raw,4,609,209.08,0.0001
786996862.png,raw,5,1908,655.06,0.0001
786996862.png,remove_small,1,592,203.25,0.0253
786996862.png,remove_small,2,1052,361.18,0.0253
786996862.png,remove_small,3,484,166.17,0.0253
786996862.png,remove_small,4,609,209.08,0.0253
786996862.png,remove_small,5,1908,655.06,0.0253
786996863.png,raw,1,2311,793.42,0.0001
786996863.png,raw,2,1673,574.38,0.0001
786996863.png,remove_small,1,2311,793.42,0.0253
786996863.png,remove_small,2,1673,574.38,0.0253
787265962.png,raw,1,1068,366.67,0.0001
787265962.png,remove_small,1,1068,366.67,0.0253
787295070.png,raw,1,255,87.55,0.0001
787295070.png,raw,2,702,241.01,0.0001
787295070.png,remove_small,1,255,87.55,0.0268
787295070.png,remove_small,2,702,241.01,0.0268
787821870.png,raw,1,449,154.15,0.0001
787821870.png,raw,2,86,29.53,0.0001
787821870.png,raw,3,425,145.91,0.0001
787821870.png,remove_small,1,449,154.15,0.0252
787821870.png,remove_small,2,425,145.91,0.0252
788581403.png,raw,1,214,73.47,0.0001
788581403.png,remove_small,1,214,73.47,0.0251
788588828.png,raw,1,526,180.59,0.0001
788588828.png,remove_small,1,526,180.59,0.0246
788938937.png,raw,1,522,179.21,0.0001
788938937.png,raw,2,455,156.21,0.0001
788938937.png,remove_small,1,522,179.21,0.0294
788938937.png,remove_small,2,455,156.21,0.0294
791783326.png,raw,1,818,280.84,0.0001
791783326.png,remove_small,1,818,280.84,0.0254
792539998.png,raw,1,573,196.72,0.0001
792539998.png,raw,2,551,189.17,0.0001
792539998.png,remove_small,1,573,196.72,0.0264
792539998.png,remove_small,2,551,189.17,0.0264
793408884.png,raw,1,546,187.45,0.0001
793408884.png,remove_small,1,546,187.45,0.0301
796306639.png,raw,1,2164,742.95,0.0001
796306639.png,remove_small,1,2164,742.95,0.0264
796306640.png,raw,1,2056,705.87,0.0001
796306640.png,remove_small,1,2056,705.87,0.0241
797009308.png,raw,1,1419,487.17,0.0001
797009308.png,remove_small,1,1419,487.17,0.0272
797009309.png,raw,1,299,102.65,0.0001
797009309.png,raw,2,96,32.96,0.0001
797009309.png,raw,3,1427,489.92,0.0001
797009309.png,remove_small,1,299,102.65,0.026
797009309.png,remove_small,2,1427,489.92,0.026
798988725.png,raw,1,745,255.78,0.0001
798988725.png,raw,2,362,124.28,0.0001
798988725.png,remove_small,1,745,255.78,0.0266
798988725.png,remove_small,2,362,124.28,0.0266
799620333.png,raw,1,882,302.81,0.0001
799620333.png,remove_small,1,882,302.81,0.0241
801045727.png,raw,1,376,129.09,0.0001
801045727.png,remove_small,1,376,129.09,0.0241
804442855.png,raw,1,12,4.12,0.0001
804442855.png,raw,2,492,168.91,0.0001
804442855.png,remove_small,1,492,168.91,0.0245
8102562.png,raw,1,458,157.24,0.0001
8102562.png,raw,2,385,132.18,0.0001
8102562.png,remove_small,1,458,157.24,0.0252
8102562.png,remove_small,2,385,132.18,0.0252
810315511.png,raw,1,2197,754.28,0.0001
810315511.png,raw,2,2235,767.33,0.0001
810315511.png,raw,3,292,100.25,0.0001
810315511.png,raw,4,751,257.84,0.0001
810315511.png,remove_small,1,2197,754.28,0.029
810315511.png,remove_small,2,2235,767.33,0.029
810315511.png,remove_small,3,292,100.25,0.029
810315511.png,remove_small,4,751,257.84,0.029
81043195.png,raw,1,272,93.38,0.0001
81043195.png,raw,2,413,141.79,0.0001
81043195.png,remove_small,1,272,93.38,0.026
81043195.png,remove_small,2,413,141.79,0.026
816508407.png,raw,1,896,307.62,0.0001
816508407.png,raw,2,802,275.34,0.0001
816508407.png,remove_small,1,896,307.62,0.0286
816508407.png,remove_small,2,802,275.34,0.0286
81989512.png,raw,1,15,5.15,0.0001
81989512.png,raw,2,1002,344.01,0.0001
81989512.png,raw,3,712,244.45,0.0001
81989512.png,raw,4,581,199.47,0.0001
81989512.png,remove_small,1,1002,344.01,0.0273
81989512.png,remove_small,2,712,244.45,0.0273
81989512.png,remove_small,3,581,199.47,0.0273
819916862.png,raw,1,628,215.61,0.0001
819916862.png,raw,2,491,168.57,0.0001
819916862.png,remove_small,1,628,215.61,0.0274
819916862.png,remove_small,2,491,168.57,0.0274
823021579.png,raw,1,118,40.51,0.0001
823021579.png,remove_small,1,118,40.51,0.0253
826235295.png,raw,1,322,110.55,0.0001
826235295.png,remove_small,1,322,110.55,0.0323
82773910.png,raw,1,1438,493.7,0.0001
82773910.png,raw,2,834,286.33,0.0001
82773910.png,raw,3,712,244.45,0.0001
82773910.png,raw,4,632,216.98,0.0001
82773910.png,raw,5,1889,648.54,0.0001
82773910.png,remove_small,1,1438,493.7,0.025
82773910.png,remove_small,2,834,286.33,0.025
82773910.png,remove_small,3,712,244.45,0.025
82773910.png,remove_small,4,632,216.98,0.025
82773910.png,remove_small,5,1889,648.54,0.025
828909023.png,raw,1,357,122.57,0.0001
828909023.png,remove_small,1,357,122.57,0.0242
830424708.png,raw,1,1326,455.25,0.0001
830424708.png,remove_small,1,1326,455.25,0.0267
83198329.png,raw,1,311,106.77,0.0001
83198329.png,raw,2,80,27.47,0.0001
83198329.png,remove_small,1,311,106.77,0.0249
837832855.png,raw,1,354,121.54,0.0001
837832855.png,remove_small,1,354,121.54,0.0261
83916207.png,raw,1,679,233.12,0.0001
83916207.png,raw,2,743,255.09,0.0001
83916207.png,raw,3,667,229.0,0.0001
83916207.png,raw,4,578,198.44,0.0001
83916207.png,remove_small,1,679,233.12,0.0252
83916207.png,remove_small,2,743,255.09,0.0252
83916207.png,remove_small,3,667,229.0,0.0252
83916207.png,remove_small,4,578,198.44,0.0252
839180698.png,raw,1,300,103.0,0.0001
839180698.png,raw,2,606,208.05,0.0001
839180698.png,raw,3,270,92.7,0.0001
839180698.png,remove_small,1,300,103.0,0.024
839180698.png,remove_small,2,606,208.05,0.024
839180698.png,remove_small,3,270,92.7,0.024
839516063.png,raw,1,526,180.59,0.0001
839516063.png,raw,2,451,154.84,0.0001
839516063.png,remove_small,1,526,180.59,0.025
839516063.png,remove_small,2,451,154.84,0.025
84072819.png,raw,1,312,107.12,0.0001
84072819.png,raw,2,331,113.64,0.0001
84072819.png,raw,3,450,154.5,0.0001
84072819.png,remove_small,1,312,107.12,0.0247
84072819.png,remove_small,2,331,113.64,0.0247
84072819.png,remove_small,3,450,154.5,0.0247
842361504.png,raw,1,16,5.49,0.0001
843613749.png,raw,1,72,24.72,0.0001
84445452.png,raw,1,328,112.61,0.0001
84445452.png,raw,2,463,158.96,0.0001
84445452.png,remove_small,1,328,112.61,0.0258
84445452.png,remove_small,2,463,158.96,0.0258
850482666.png,raw,1,227,77.93,0.0001
850482666.png,raw,2,558,191.57,0.0001
850482666.png,remove_small,1,227,77.93,0.0298
850482666.png,remove_small,2,558,191.57,0.0298
851299584.png,raw,1,1558,534.9,0.0001
851299584.png,remove_small,1,1558,534.9,0.0241
854109421.png,raw,1,582,199.81,0.0001
854109421.png,raw,2,395,135.61,0.0001
854109421.png,remove_small,1,582,199.81,0.0258
854109421.png,remove_small,2,395,135.61,0.0258
85523877.png,raw,1,1861,638.92,0.0001
85523877.png,raw,2,4569,1568.64,0.0001
85523877.png,remove_small,1,1861,638.92,0.0256
85523877.png,remove_small,2,4569,1568.64,0.0256
86267675.png,raw,1,140,48.07,0.0001
86267675.png,raw,2,584,200.5,0.0001
86267675.png,raw,3,430,147.63,0.0001
86267675.png,remove_small,1,140,48.07,0.0248
86267675.png,remove_small,2,584,200.5,0.0248
86267675.png,remove_small,3,430,147.63,0.0248
867329284.png,raw,1,426,146.26,0.0001
867329284.png,raw,2,437,150.03,0.0001
867329284.png,remove_small,1,426,146.26,0.0243
867329284.png,remove_small,2,437,150.03,0.0243
868107550.png,raw,1,1461,501.59,0.0001
868107550.png,remove_small,1,1461,501.59,0.0245
868415097.png,raw,1,380,130.46,0.0001
868415097.png,remove_small,1,380,130.46,0.0269
86948912.png,raw,1,317,108.83,0.0001
86948912.png,raw,2,16,5.49,0.0001
86948912.png,remove_small,1,317,108.83,0.0296
86948935.png,raw,1,200,68.66,0.0001
86948935.png,raw,2,305,104.71,0.0001
86948935.png,remove_small,1,200,68.66,0.0343
86948935.png,remove_small,2,305,104.71,0.0343
86966915.png,raw,1,446,153.12,0.0001
86966915.png,raw,2,5,1.72,0.0001
86966915.png,raw,3,556,190.89,0.0001
86966915.png,remove_small,1,446,153.12,0.0275
86966915.png,remove_small,2,556,190.89,0.0275
870598507.png,raw,1,73,25.06,0.0001
870598507.png,raw,2,29,9.96,0.0001
870598507.png,raw,3,36,12.36,0.0001
872251433.png,raw,1,1315,451.47,0.0001
872251433.png,raw,2,1054,361.86,0.0001
872251433.png,remove_small,1,1315,451.47,0.027
872251433.png,remove_small,2,1054,361.86,0.027
87263414.png,raw,1,242,83.08,0.0001
87263414.png,raw,2,153,52.53,0.0001
87263414.png,raw,3,414,142.14,0.0001
87263414.png,remove_small,1,242,83.08,0.024
87263414.png,remove_small,2,153,52.53,0.024
87263414.png,remove_small,3,414,142.14,0.024
87287424.png,raw,1,442,151.75,0.0001
87287424.png,raw,2,584,200.5,0.0001
87287424.png,raw,3,423,145.23,0.0001
87287424.png,remove_small,1,442,151.75,0.0243
87287424.png,remove_small,2,584,200.5,0.0243
87287424.png,remove_small,3,423,145.23,0.0243
873047771.png,raw,1,560,192.26,0.0001
873047771.png,raw,2,362,124.28,0.0001
873047771.png,remove_small,1,560,192.26,0.024
873047771.png,remove_small,2,362,124.28,0.024
87341319.png,raw,1,271,93.04,0.0001
87341319.png,raw,2,7,2.4,0.0001
87341319.png,remove_small,1,271,93.04,0.0285
87347707.png,raw,1,107,36.74,0.0001
87347707.png,raw,2,438,150.38,0.0001
87347707.png,raw,3,300,103.0,0.0001
87347707.png,remove_small,1,107,36.74,0.0252
87347707.png,remove_small,2,438,150.38,0.0252
87347707.png,remove_small,3,300,103.0,0.0252
87410322.png,raw,1,404,138.7,0.0001
87410322.png,raw,2,29,9.96,0.0001
87410322.png,remove_small,1,404,138.7,0.0271
87458849.png,raw,1,204,70.04,0.0001
87458849.png,raw,2,797,273.63,0.0001
87458849.png,raw,3,457,156.9,0.0001
87458849.png,remove_small,1,204,70.04,0.0251
87458849.png,remove_small,2,797,273.63,0.0251
87458849.png,remove_small,3,457,156.9,0.0251
87465956.png,raw,1,265,90.98,0.0001
87465956.png,raw,2,357,122.57,0.0001
87465956.png,remove_small,1,265,90.98,0.0242
87465956.png,remove_small,2,357,122.57,0.0242
87610764.png,raw,1,31,10.64,0.0001
87611958.png,raw,1,227,77.93,0.0001
87611958.png,raw,2,378,129.78,0.0001
87611958.png,remove_small,1,227,77.93,0.0246
87611958.png,remove_small,2,378,129.78,0.0246
87623142.png,raw,1,407,139.73,0.0001
87623142.png,raw,2,393,134.93,0.0001
87623142.png,remove_small,1,407,139.73,0.0247
87623142.png,remove_small,2,393,134.93,0.0247
87623325.png,raw,1,350,120.16,0.0001
87623325.png,raw,2,429,147.29,0.0001
87623325.png,remove_small,1,350,120.16,0.0252
87623325.png,remove_small,2,429,147.29,0.0252
87653464.png,raw,1,564,193.63,0.0001
87653464.png,remove_small,1,564,193.63,0.0251
87685891.png,raw,1,308,105.74,0.0001
87685891.png,raw,2,547,187.8,0.0001
87685891.png,remove_small,1,308,105.74,0.0246
87685891.png,remove_small,2,547,187.8,0.0246
87722999.png,raw,1,271,93.04,0.0001
87722999.png,remove_small,1,271,93.04,0.0273
87767098.png,raw,1,1576,541.08,0.0001
87767098.png,raw,2,1777,610.08,0.0001
87767098.png,raw,3,2033,697.98,0.0001
87767098.png,remove_small,1,1576,541.08,0.0255
87767098.png,remove_small,2,1777,610.08,0.0255
87767098.png,remove_small,3,2033,697.98,0.0255
87772480.png,raw,1,260,89.26,0.0001
87772480.png,raw,2,391,134.24,0.0001
87772480.png,remove_small,1,260,89.26,0.0276
87772480.png,remove_small,2,391,134.24,0.0276
87779815.png,raw,1,60,20.6,0.0001
87893370.png,raw,1,738,253.37,0.0001
87893370.png,raw,2,10,3.43,0.0001
87893370.png,remove_small,1,738,253.37,0.0288
87897369.png,raw,1,397,136.3,0.0001
87897369.png,remove_small,1,397,136.3,0.0274
87897372.png,raw,1,587,201.53,0.0001
87897372.png,raw,2,480,164.79,0.0001
87897372.png,raw,3,698,239.64,0.0001
87897372.png,remove_small,1,587,201.53,0.0255
87897372.png,remove_small,2,480,164.79,0.0255
87897372.png,remove_small,3,698,239.64,0.0255
87939872.png,raw,1,831,285.3,0.0001
87939872.png,raw,2,512,175.78,0.0001
87939872.png,remove_small,1,831,285.3,0.0264
87939872.png,remove_small,2,512,175.78,0.0264
87962811.png,raw,1,832,285.64,0.0001
87962811.png,raw,2,412,141.45,0.0001
87962811.png,raw,3,181,62.14,0.0001
87962811.png,raw,4,102,35.02,0.0001
87962811.png,remove_small,1,832,285.64,0.025
87962811.png,remove_small,2,412,141.45,0.025
87962811.png,remove_small,3,181,62.14,0.025
87962811.png,remove_small,4,102,35.02,0.025
879834580.png,raw,1,612,210.11,0.0001
879834580.png,raw,2,627,215.26,0.0001
879834580.png,remove_small,1,612,210.11,0.0257
879834580.png,remove_small,2,627,215.26,0.0257
88061681.png,raw,1,284,97.5,0.0001
88061681.png,raw,2,37,12.7,0.0001
88061681.png,raw,3,11,3.78,0.0001
88061681.png,remove_small,1,284,97.5,0.0306
88061758.png,raw,1,483,165.82,0.0001
88061758.png,raw,2,595,204.28,0.0001
88061758.png,remove_small,1,483,165.82,0.0256
88061758.png,remove_small,2,595,204.28,0.0256
88061785.png,raw,1,767,263.33,0.0001
88061785.png,raw,2,7,2.4,0.0001
88061785.png,raw,3,559,191.92,0.0001
88061785.png,remove_small,1,767,263.33,0.0257
88061785.png,remove_small,2,559,191.92,0.0257
88061824.png,raw,1,491,168.57,0.0001
88061824.png,raw,2,643,220.76,0.0001
88061824.png,remove_small,1,491,168.57,0.0255
88061824.png,remove_small,2,643,220.76,0.0255
88061836.png,raw,1,482,165.48,0.0001
88061836.png,raw,2,814,279.46,0.0001
88061836.png,raw,3,872,299.38,0.0001
88061836.png,raw,4,1403,481.68,0.0001
88061836.png,raw,5,164,56.3,0.0001
88061836.png,remove_small,1,482,165.48,0.0313
88061836.png,remove_small,2,814,279.46,0.0313
88061836.png,remove_small,3,872,299.38,0.0313
88061836.png,remove_small,4,1403,481.68,0.0313
88061836.png,remove_small,5,164,56.3,0.0313
88124820.png,raw,1,928,318.6,0.0001
88124820.png,remove_small,1,928,318.6,0.0243
88174916.png,raw,1,10,3.43,0.0001
88174916.png,raw,2,108,37.08,0.0001
88174916.png,remove_small,1,108,37.08,0.025
88179265.png,raw,1,380,130.46,0.0001
88179265.png,raw,2,949,325.81,0.0001
88179265.png,raw,3,479,164.45,0.0001
88179265.png,remove_small,1,380,130.46,0.025
88179265.png,remove_small,2,949,325.81,0.025
88179265.png,remove_small,3,479,164.45,0.025
88271626.png,raw,1,843,289.42,0.0001
88271626.png,remove_small,1,843,289.42,0.0259
88313321.png,raw,1,252,86.52,0.0001
88313321.png,raw,2,520,178.53,0.0001
88313321.png,remove_small,1,252,86.52,0.0249
88313321.png,remove_small,2,520,178.53,0.0249
88394944.png,raw,1,353,121.19,0.0001
88394944.png,raw,2,472,162.05,0.0001
88394944.png,raw,3,471,161.71,0.0001
88394944.png,remove_small,1,353,121.19,0.0266
88394944.png,remove_small,2,472,162.05,0.0266
88394944.png,remove_small,3,471,161.71,0.0266
88441855.png,raw,1,869,298.35,0.0001
88441855.png,remove_small,1,869,298.35,0.0251
88455817.png,raw,1,513,176.12,0.0001
88455817.png,raw,2,35,12.02,0.0001
88455817.png,remove_small,1,513,176.12,0.0245
88538897.png,raw,1,402,138.02,0.0002
88538897.png,raw,2,176,60.42,0.0002
88538897.png,remove_small,1,402,138.02,0.026
88538897.png,remove_small,2,176,60.42,0.026
88573642.png,raw,1,207,71.07,0.0001
88573642.png,raw,2,385,132.18,0.0001
88573642.png,remove_small,1,207,71.07,0.0258
88573642.png,remove_small,2,385,132.18,0.0258
88599674.png,raw,1,208,71.41,0.0001
88599674.png,remove_small,1,208,71.41,0.026
88599684.png,raw,1,308,105.74,0.0002
88599684.png,raw,2,1,0.34,0.0002
88599684.png,raw,3,246,84.46,0.0002
88599684.png,raw,4,384,131.84,0.0002
88599684.png,remove_small,1,308,105.74,0.0283
88599684.png,remove_small,2,246,84.46,0.0283
88599684.png,remove_small,3,384,131.84,0.0283
88605632.png,raw,1,553,189.86,0.0001
88605632.png,raw,2,405,139.05,0.0001
88605632.png,remove_small,1,553,189.86,0.0262
88605632.png,remove_small,2,405,139.05,0.0262
88714854.png,raw,1,378,129.78,0.0001
88714854.png,remove_small,1,378,129.78,0.028
88714859.png,raw,1,340,116.73,0.0002
88714859.png,raw,2,430,147.63,0.0002
88714859.png,raw,3,287,98.53,0.0002
88714859.png,remove_small,1,340,116.73,0.0268
88714859.png,remove_small,2,430,147.63,0.0268
88714859.png,remove_small,3,287,98.53,0.0268
88714863.png,raw,1,281,96.47,0.0001
88714863.png,raw,2,296,101.62,0.0001
88714863.png,remove_small,1,281,96.47,0.0257
88714863.png,remove_small,2,296,101.62,0.0257
88762018.png,raw,1,540,185.39,0.0001
88762018.png,remove_small,1,540,185.39,0.0379
88762023.png,raw,1,369,126.69,0.0001
88762023.png,raw,2,256,87.89,0.0001
88762023.png,remove_small,1,369,126.69,0.0249
88762023.png,remove_small,2,256,87.89,0.0249
88762027.png,raw,1,389,133.55,0.0001
88762027.png,raw,2,384,131.84,0.0001
88762027.png,remove_small,1,389,133.55,0.0275
88762027.png,remove_small,2,384,131.84,0.0275
88774173.png,raw,1,565,193.98,0.0001
88774173.png,remove_small,1,565,193.98,0.0269
88901626.png,raw,1,1235,424.0,0.0001
88901626.png,raw,2,629,215.95,0.0001
88901626.png,remove_small,1,1235,424.0,0.0252
88901626.png,remove_small,2,629,215.95,0.0252
88916034.png,raw,1,587,201.53,0.0002
88916034.png,raw,2,618,212.17,0.0002
88916034.png,raw,3,635,218.01,0.0002
88916034.png,remove_small,1,587,201.53,0.0258
88916034.png,remove_small,2,618,212.17,0.0258
88916034.png,remove_small,3,635,218.01,0.0258
88926011.png,raw,1,629,215.95,0.0001
88926011.png,raw,2,506,173.72,0.0001
88926011.png,remove_small,1,629,215.95,0.0252
88926011.png,remove_small,2,506,173.72,0.0252
88973772.png,raw,1,642,220.41,0.0001
88973772.png,raw,2,521,178.87,0.0001
88973772.png,remove_small,1,642,220.41,0.0254
88973772.png,remove_small,2,521,178.87,0.0254
88973778.png,raw,1,563,193.29,0.0002
88973778.png,raw,2,553,189.86,0.0002
88973778.png,remove_small,1,563,193.29,0.0249
88973778.png,remove_small,2,553,189.86,0.0249
88973783.png,raw,1,467,160.33,0.0002
88973783.png,raw,2,444,152.44,0.0002
88973783.png,remove_small,1,467,160.33,0.0298
88973783.png,remove_small,2,444,152.44,0.0298
88973789.png,raw,1,1594,547.26,0.0002
88973789.png,remove_small,1,1594,547.26,0.0306
89043564.png,raw,1,453,155.53,0.0002
89043564.png,raw,2,720,247.19,0.0002
89043564.png,raw,3,795,272.94,0.0002
89043564.png,remove_small,1,453,155.53,0.0261
89043564.png,remove_small,2,720,247.19,0.0261
89043564.png,remove_small,3,795,272.94,0.0261
89055632.png,raw,1,371,127.37,0.0002
89055632.png,remove_small,1,371,127.37,0.0262
89089349.png,raw,1,508,174.41,0.0002
89089349.png,raw,2,430,147.63,0.0002
89089349.png,remove_small,1,508,174.41,0.0246
89089349.png,remove_small,2,430,147.63,0.0246
89095924.png,raw,1,34,11.67,0.0001
89095924.png,raw,2,432,148.32,0.0001
89095924.png,remove_small,1,432,148.32,0.025
89149558.png,raw,1,656,225.22,0.0002
89149558.png,raw,2,736,252.69,0.0002
89149558.png,remove_small,1,656,225.22,0.0247
89149558.png,remove_small,2,736,252.69,0.0247
89176935.png,raw,1,310,106.43,0.0002
89176935.png,raw,2,131,44.98,0.0002
89176935.png,raw,3,356,122.22,0.0002
89176935.png,remove_small,1,310,106.43,0.0253
89176935.png,remove_small,2,131,44.98,0.0253
89176935.png,remove_small,3,356,122.22,0.0253
89178399.png,raw,1,421,144.54,0.0002
89178399.png,raw,2,252,86.52,0.0002
89178399.png,remove_small,1,421,144.54,0.0287
89178399.png,remove_small,2,252,86.52,0.0287
89178698.png,raw,1,441,151.41,0.0001
89178698.png,raw,2,549,188.48,0.0001
89178698.png,remove_small,1,441,151.41,0.0289
89178698.png,remove_small,2,549,188.48,0.0289
89178704.png,raw,1,602,206.68,0.0001
89178704.png,raw,2,604,207.37,0.0001
89178704.png,remove_small,1,602,206.68,0.0272
89178704.png,remove_small,2,604,207.37,0.0272
89178874.png,raw,1,91,31.24,0.0001
89179362.png,raw,1,615,211.14,0.0001
89179362.png,raw,2,334,114.67,0.0001
89179362.png,remove_small,1,615,211.14,0.0274
89179362.png,remove_small,2,334,114.67,0.0274
89179547.png,raw,1,451,154.84,0.0002
89179547.png,remove_small,1,451,154.84,0.0256
89218921.png,raw,1,37,12.7,0.0002
89241943.png,raw,1,582,199.81,0.0002
89241943.png,raw,2,565,193.98,0.0002
89241943.png,raw,3,625,214.58,0.0002
89241943.png,remove_small,1,582,199.81,0.0256
89241943.png,remove_small,2,565,193.98,0.0256
89241943.png,remove_small,3,625,214.58,0.0256
89261250.png,raw,1,989,339.55,0.0001
89261250.png,raw,2,813,279.12,0.0001
89261250.png,remove_small,1,989,339.55,0.0265
89261250.png,remove_small,2,813,279.12,0.0265
89352550.png,raw,1,873,299.72,0.0001
89352550.png,raw,2,1079,370.45,0.0001
89352550.png,raw,3,892,306.24,0.0001
89352550.png,raw,4,182,62.48,0.0001
89352550.png,remove_small,1,873,299.72,0.0252
89352550.png,remove_small,2,1079,370.45,0.0252
89352550.png,remove_small,3,892,306.24,0.0252
89352550.png,remove_small,4,182,62.48,0.0252
896439769.png,raw,1,601,206.34,0.0002
896439769.png,remove_small,1,601,206.34,0.0318
89710643.png,raw,1,131,44.98,0.0002
89710643.png,remove_small,1,131,44.98,0.0245
89761689.png,raw,1,126,43.26,0.0001
89761689.png,remove_small,1,126,43.26,0.0246
89766688.png,raw,1,218,74.84,0.0001
89766688.png,raw,2,416,142.82,0.0001
89766688.png,remove_small,1,218,74.84,0.0317
89766688.png,remove_small,2,416,142.82,0.0317
900516976.png,raw,1,19,6.52,0.0002
900516976.png,raw,2,496,170.29,0.0002
900516976.png,remove_small,1,496,170.29,0.0259
90109304.png,raw,1,135,46.35,0.0001
90109304.png,raw,2,459,157.59,0.0001
90109304.png,remove_small,1,135,46.35,0.0255
90109304.png,remove_small,2,459,157.59,0.0255
901236047.png,raw,1,424,145.57,0.0002
901236047.png,raw,2,792,271.91,0.0002
901236047.png,raw,3,488,167.54,0.0002
901236047.png,remove_small,1,424,145.57,0.0307
901236047.png,remove_small,2,792,271.91,0.0307
901236047.png,remove_small,3,488,167.54,0.0307
90142283.png,raw,1,496,170.29,0.0002
90142283.png,raw,2,306,105.06,0.0002
90142283.png,remove_small,1,496,170.29,0.0292
90142283.png,remove_small,2,306,105.06,0.0292
90296875.png,raw,1,379,130.12,0.0001
90296875.png,raw,2,234,80.34,0.0001
90296875.png,remove_small,1,379,130.12,0.0269
90296875.png,remove_small,2,234,80.34,0.0269
90431641.png,raw,1,114,39.14,0.0002
90431641.png,raw,2,193,66.26,0.0002
90431641.png,remove_small,1,114,39.14,0.0318
90431641.png,remove_small,2,193,66.26,0.0318
90707972.png,raw,1,197,67.63,0.0001
90707972.png,raw,2,73,25.06,0.0001
90707972.png,raw,3,187,64.2,0.0001
90707972.png,remove_small,1,197,67.63,0.0257
90707972.png,remove_small,2,187,64.2,0.0257
90807341.png,raw,1,495,169.94,0.0002
90807341.png,raw,2,496,170.29,0.0002
90807341.png,remove_small,1,495,169.94,0.0255
90807341.png,remove_small,2,496,170.29,0.0255
909772781.png,raw,1,458,157.24,0.0002
909772781.png,remove_small,1,458,157.24,0.0262
91080806.png,raw,1,767,263.33,0.0001
91080806.png,raw,2,200,68.66,0.0001
91080806.png,raw,3,78,26.78,0.0001
91080806.png,raw,4,2021,693.86,0.0001
91080806.png,raw,5,1958,672.23,0.0001
91080806.png,remove_small,1,767,263.33,0.0264
91080806.png,remove_small,2,200,68.66,0.0264
91080806.png,remove_small,3,2021,693.86,0.0264
91080806.png,remove_small,4,1958,672.23,0.0264
91274923.png,raw,1,456,156.56,0.0002
91274923.png,raw,2,677,232.43,0.0002
91274923.png,raw,3,813,279.12,0.0002
91274923.png,remove_small,1,456,156.56,0.0247
91274923.png,remove_small,2,677,232.43,0.0247
91274923.png,remove_small,3,813,279.12,0.0247
91302943.png,raw,1,325,111.58,0.0001
91302943.png,raw,2,301,103.34,0.0001
91302943.png,remove_small,1,325,111.58,0.0257
91302943.png,remove_small,2,301,103.34,0.0257
916388281.png,raw,1,245,84.11,0.0002
916388281.png,raw,2,1188,407.87,0.0002
916388281.png,remove_small,1,245,84.11,0.0262
916388281.png,remove_small,2,1188,407.87,0.0262
91655767.png,raw,1,547,187.8,0.0001
91655767.png,raw,2,501,172.0,0.0001
91655767.png,remove_small,1,547,187.8,0.0268
91655767.png,remove_small,2,501,172.0,0.0268
91765332.png,raw,1,418,143.51,0.0002
91765332.png,remove_small,1,418,143.51,0.0271
91765358.png,raw,1,550,188.83,0.0002
91765358.png,raw,2,549,188.48,0.0002
91765358.png,remove_small,1,550,188.83,0.028
91765358.png,remove_small,2,549,188.48,0.028
91765386.png,raw,1,18,6.18,0.0001
91765386.png,raw,2,381,130.81,0.0001
91765386.png,raw,3,617,211.83,0.0001
91765386.png,raw,4,586,201.19,0.0001
91765386.png,remove_small,1,381,130.81,0.0311
91765386.png,remove_small,2,617,211.83,0.0311
91765386.png,remove_small,3,586,201.19,0.0311
91854336.png,raw,1,1177,404.09,0.0001
91854336.png,raw,2,1188,407.87,0.0001
91854336.png,raw,3,1275,437.74,0.0001
91854336.png,remove_small,1,1177,404.09,0.026
91854336.png,remove_small,2,1188,407.87,0.026
91854336.png,remove_small,3,1275,437.74,0.026
91856526.png,raw,1,549,188.48,0.0002
91856526.png,raw,2,782,268.48,0.0002
91856526.png,remove_small,1,549,188.48,0.0256
91856526.png,remove_small,2,782,268.48,0.0256
91936254.png,raw,1,18,6.18,0.0001
91936254.png,raw,2,302,103.68,0.0001
91936254.png,raw,3,249,85.49,0.0001
91936254.png,remove_small,1,302,103.68,0.0267
91936254.png,remove_small,2,249,85.49,0.0267
92024105.png,raw,1,1492,512.24,0.0002
92024105.png,raw,2,509,174.75,0.0002
92024105.png,raw,3,836,287.02,0.0002
92024105.png,raw,4,583,200.16,0.0002
92024105.png,remove_small,1,1492,512.24,0.0248
92024105.png,remove_small,2,509,174.75,0.0248
92024105.png,remove_small,3,836,287.02,0.0248
92024105.png,remove_small,4,583,200.16,0.0248
92051810.png,raw,1,170,58.36,0.0002
92051810.png,raw,2,286,98.19,0.0002
92051810.png,remove_small,1,170,58.36,0.025
92051810.png,remove_small,2,286,98.19,0.025
92074857.png,raw,1,463,158.96,0.0002
92074857.png,raw,2,518,177.84,0.0002
92074857.png,remove_small,1,463,158.96,0.0255
92074857.png,remove_small,2,518,177.84,0.0255
921043945.png,raw,1,1458,500.56,0.0001
921043945.png,raw,2,1487,510.52,0.0001
921043945.png,raw,3,421,144.54,0.0001
921043945.png,raw,4,480,164.79,0.0001
921043945.png,remove_small,1,1458,500.56,0.0248
921043945.png,remove_small,2,1487,510.52,0.0248
921043945.png,remove_small,3,421,144.54,0.0248
921043945.png,remove_small,4,480,164.79,0.0248
92165128.png,raw,1,1108,380.4,0.0002
92165128.png,raw,2,1745,599.1,0.0002
92165128.png,remove_small,1,1108,380.4,0.0257
92165128.png,remove_small,2,1745,599.1,0.0257
922832908.png,raw,1,507,174.06,0.0003
922832908.png,raw,2,574,197.07,0.0003
922832908.png,raw,3,612,210.11,0.0003
922832908.png,remove_small,1,507,174.06,0.0315
922832908.png,remove_small,2,574,197.07,0.0315
922832908.png,remove_small,3,612,210.11,0.0315
922832909.png,raw,1,483,165.82,0.0002
922832909.png,raw,2,626,214.92,0.0002
922832909.png,raw,3,573,196.72,0.0002
922832909.png,remove_small,1,483,165.82,0.0282
922832909.png,remove_small,2,626,214.92,0.0282
922832909.png,remove_small,3,573,196.72,0.0282
92311646.png,raw,1,24,8.24,0.0002
92312932.png,raw,1,469,161.02,0.0002
92312932.png,raw,2,125,42.92,0.0002
92312932.png,raw,3,437,150.03,0.0002
92312932.png,remove_small,1,469,161.02,0.0271
92312932.png,remove_small,2,125,42.92,0.0271
92312932.png,remove_small,3,437,150.03,0.0271
92314579.png,raw,1,392,134.58,0.0002
92314579.png,raw,2,349,119.82,0.0002
92314579.png,remove_small,1,392,134.58,0.0273
92314579.png,remove_small,2,349,119.82,0.0273
92314598.png,raw,1,2,0.69,0.0001
92320586.png,raw,1,431,147.97,0.0001
92320586.png,raw,2,187,64.2,0.0001
92320586.png,remove_small,1,431,147.97,0.0248
92320586.png,remove_small,2,187,64.2,0.0248
92356669.png,raw,1,311,106.77,0.0001
92356669.png,remove_small,1,311,106.77,0.0263
92411150.png,raw,1,433,148.66,0.0002
92411150.png,raw,2,468,160.68,0.0002
92411150.png,remove_small,1,433,148.66,0.0309
92411150.png,remove_small,2,468,160.68,0.0309
92484808.png,raw,1,333,114.33,0.0002
92484808.png,raw,2,389,133.55,0.0002
92484808.png,remove_small,1,333,114.33,0.0319
92484808.png,remove_small,2,389,133.55,0.0319
925520362.png,raw,1,318,109.18,0.0002
925520362.png,raw,2,167,57.33,0.0002
925520362.png,remove_small,1,318,109.18,0.0227
925520362.png,remove_small,2,167,57.33,0.0227
92659081.png,raw,1,338,116.04,0.0001
92659081.png,raw,2,353,121.19,0.0001
92659081.png,remove_small,1,338,116.04,0.0226
92659081.png,remove_small,2,353,121.19,0.0226
92692523.png,raw,1,337,115.7,0.0002
92692523.png,raw,2,385,132.18,0.0002
92692523.png,remove_small,1,337,115.7,0.0234
92692523.png,remove_small,2,385,132.18,0.0234
92695125.png,raw,1,202,69.35,0.0001
92695125.png,raw,2,411,141.11,0.0001
92695125.png,raw,3,46,15.79,0.0001
92695125.png,raw,4,278,95.44,0.0001
92695125.png,remove_small,1,202,69.35,0.0236
92695125.png,remove_small,2,411,141.11,0.0236
92695125.png,remove_small,3,278,95.44,0.0236
92701104.png,raw,1,168,57.68,0.0001
92701104.png,raw,2,154,52.87,0.0001
92701104.png,raw,3,329,112.95,0.0001
92701104.png,raw,4,85,29.18,0.0001
92701104.png,remove_small,1,168,57.68,0.0226
92701104.png,remove_small,2,154,52.87,0.0226
92701104.png,remove_small,3,329,112.95,0.0226
92744658.png,raw,1,173,59.39,0.0002
92744658.png,remove_small,1,173,59.39,0.0241
92749693.png,raw,1,39,13.39,0.0001
92920827.png,raw,1,635,218.01,0.0002
92920827.png,raw,2,105,36.05,0.0002
92920827.png,raw,3,482,165.48,0.0002
92920827.png,remove_small,1,635,218.01,0.0244
92920827.png,remove_small,2,105,36.05,0.0244
92920827.png,remove_small,3,482,165.48,0.0244
92924275.png,raw,1,337,115.7,0.0001
92924275.png,raw,2,365,125.31,0.0001
92924275.png,remove_small,1,337,115.7,0.0238
92924275.png,remove_small,2,365,125.31,0.0238
92924852.png,raw,1,313,107.46,0.0001
92924852.png,raw,2,464,159.3,0.0001
92924852.png,remove_small,1,313,107.46,0.0239
92924852.png,remove_small,2,464,159.3,0.0239
92983985.png,raw,1,183,62.83,0.0002
92983985.png,remove_small,1,183,62.83,0.0222
92983998.png,raw,1,371,127.37,0.0001
92983998.png,raw,2,136,46.69,0.0001
92983998.png,raw,3,28,9.61,0.0001
92983998.png,remove_small,1,371,127.37,0.025
92983998.png,remove_small,2,136,46.69,0.025
93052376.png,raw,1,157,53.9,0.0001
93052376.png,raw,2,339,116.39,0.0001
93052376.png,remove_small,1,157,53.9,0.0223
93052376.png,remove_small,2,339,116.39,0.0223
93262384.png,raw,1,458,157.24,0.0002
93262384.png,remove_small,1,458,157.24,0.0287
93267743.png,raw,1,118,40.51,0.0001
93267743.png,raw,2,306,105.06,0.0001
93267743.png,raw,3,333,114.33,0.0001
93267743.png,remove_small,1,118,40.51,0.0233
93267743.png,remove_small,2,306,105.06,0.0233
93267743.png,remove_small,3,333,114.33,0.0233
93278533.png,raw,1,193,66.26,0.0001
93278533.png,raw,2,644,221.1,0.0001
93278533.png,raw,3,1107,380.06,0.0001
93278533.png,remove_small,1,193,66.26,0.0231
93278533.png,remove_small,2,644,221.1,0.0231
93278533.png,remove_small,3,1107,380.06,0.0231
93278553.png,raw,1,362,124.28,0.0001
93278553.png,raw,2,178,61.11,0.0001
93278553.png,raw,3,310,106.43,0.0001
93278553.png,raw,4,504,173.03,0.0001
93278553.png,raw,5,467,160.33,0.0001
93278553.png,remove_small,1,362,124.28,0.0239
93278553.png,remove_small,2,178,61.11,0.0239
93278553.png,remove_small,3,310,106.43,0.0239
93278553.png,remove_small,4,504,173.03,0.0239
93278553.png,remove_small,5,467,160.33,0.0239
93305245.png,raw,1,142,48.75,0.0002
93305245.png,raw,2,70,24.03,0.0002
93305245.png,remove_small,1,142,48.75,0.0232
933248930.png,raw,1,293,100.59,0.0001
933248930.png,raw,2,160,54.93,0.0001
933248930.png,raw,3,344,118.1,0.0001
933248930.png,remove_small,1,293,100.59,0.0236
933248930.png,remove_small,2,160,54.93,0.0236
933248930.png,remove_small,3,344,118.1,0.0236
933296366.png,raw,1,612,210.11,0.0001
933296366.png,remove_small,1,612,210.11,0.0227
93341407.png,raw,1,1652,567.17,0.0002
93341407.png,raw,2,1399,480.31,0.0002
93341407.png,remove_small,1,1652,567.17,0.022
93341407.png,remove_small,2,1399,480.31,0.022
93404675.png,raw,1,241,82.74,0.0002
93404675.png,raw,2,3,1.03,0.0002
93404675.png,raw,3,548,188.14,0.0002
93404675.png,remove_small,1,241,82.74,0.0245
93404675.png,remove_small,2,548,188.14,0.0245
93404932.png,raw,1,273,93.73,0.0001
93404932.png,raw,2,563,193.29,0.0001
93404932.png,remove_small,1,273,93.73,0.0239
93404932.png,remove_small,2,563,193.29,0.0239
93418617.png,raw,1,199,68.32,0.0001
93418617.png,remove_small,1,199,68.32,0.023
93473415.png,raw,1,517,177.5,0.0002
93473415.png,raw,2,389,133.55,0.0002
93473415.png,raw,3,483,165.82,0.0002
93473415.png,raw,4,146,50.13,0.0002
93473415.png,remove_small,1,517,177.5,0.0276
93473415.png,remove_small,2,389,133.55,0.0276
93473415.png,remove_small,3,483,165.82,0.0276
93473415.png,remove_small,4,146,50.13,0.0276
93522878.png,raw,1,276,94.76,0.0001
93522878.png,remove_small,1,276,94.76,0.0237
93645073.png,raw,1,284,97.5,0.0001
93645073.png,raw,2,393,134.93,0.0001
93645073.png,remove_small,1,284,97.5,0.0241
93645073.png,remove_small,2,393,134.93,0.0241
937139919.png,raw,1,309,106.09,0.0001
937139919.png,remove_small,1,309,106.09,0.0231
93887097.png,raw,1,434,149.0,0.0001
93887097.png,raw,2,390,133.9,0.0001
93887097.png,raw,3,490,168.23,0.0001
93887097.png,remove_small,1,434,149.0,0.0229
93887097.png,remove_small,2,390,133.9,0.0229
93887097.png,remove_small,3,490,168.23,0.0229
940470388.png,raw,1,1570,539.02,0.0002
940470388.png,remove_small,1,1570,539.02,0.0228
940470389.png,raw,1,595,204.28,0.0001
940470389.png,raw,2,1777,610.08,0.0001
940470389.png,remove_small,1,595,204.28,0.0231
940470389.png,remove_small,2,1777,610.08,0.0231
94059594.png,raw,1,649,222.82,0.0002
94059594.png,raw,2,916,314.48,0.0002
94059594.png,remove_small,1,649,222.82,0.0232
94059594.png,remove_small,2,916,314.48,0.0232
94059599.png,raw,1,166,56.99,0.0001
94059599.png,raw,2,492,168.91,0.0001
94059599.png,remove_small,1,166,56.99,0.0273
94059599.png,remove_small,2,492,168.91,0.0273
940635545.png,raw,1,27,9.27,0.0001
940635546.png,raw,1,1698,582.96,0.0002
940635546.png,raw,2,1370,470.35,0.0002
940635546.png,raw,3,1455,499.53,0.0002
940635546.png,raw,4,429,147.29,0.0002
940635546.png,raw,5,510,175.09,0.0002
940635546.png,remove_small,1,1698,582.96,0.0245
940635546.png,remove_small,2,1370,470.35,0.0245
940635546.png,remove_small,3,1455,499.53,0.0245
940635546.png,remove_small,4,429,147.29,0.0245
940635546.png,remove_small,5,510,175.09,0.0245
941196088.png,raw,1,757,259.9,0.0001
941196088.png,raw,2,1504,516.36,0.0001
941196088.png,raw,3,333,114.33,0.0001
941196088.png,remove_small,1,757,259.9,0.0258
941196088.png,remove_small,2,1504,516.36,0.0258
941196088.png,remove_small,3,333,114.33,0.0258
941443168.png,raw,1,1538,528.03,0.0001
941443168.png,raw,2,1445,496.1,0.0001
941443168.png,remove_small,1,1538,528.03,0.0249
941443168.png,remove_small,2,1445,496.1,0.0249
941450004.png,raw,1,1506,517.04,0.0002
941450004.png,raw,2,1047,359.46,0.0002
941450004.png,remove_small,1,1506,517.04,0.0272
941450004.png,remove_small,2,1047,359.46,0.0272
941453716.png,raw,1,2949,1012.46,0.0002
941453716.png,raw,2,932,319.98,0.0002
941453716.png,raw,3,930,319.29,0.0002
941453716.png,remove_small,1,2949,1012.46,0.0252
941453716.png,remove_small,2,932,319.98,0.0252
941453716.png,remove_small,3,930,319.29,0.0252
941742428.png,raw,1,2273,780.37,0.0002
941742428.png,raw,2,2172,745.7,0.0002
941742428.png,raw,3,1833,629.31,0.0002
941742428.png,remove_small,1,2273,780.37,0.0233
941742428.png,remove_small,2,2172,745.7,0.0233
941742428.png,remove_small,3,1833,629.31,0.0233
941805476.png,raw,1,1273,437.05,0.0001
941805476.png,raw,2,1494,512.92,0.0001
941805476.png,raw,3,1613,553.78,0.0001
941805476.png,remove_small,1,1273,437.05,0.0234
941805476.png,remove_small,2,1494,512.92,0.0234
941805476.png,remove_small,3,1613,553.78,0.0234
942770518.png,raw,1,1361,467.26,0.0002
942770518.png,raw,2,1608,552.06,0.0002
942770518.png,raw,3,1218,418.17,0.0002
942770518.png,remove_small,1,1361,467.26,0.0311
942770518.png,remove_small,2,1608,552.06,0.0311
942770518.png,remove_small,3,1218,418.17,0.0311
943135226.png,raw,1,1076,369.42,0.0001
943135226.png,remove_small,1,1076,369.42,0.0237
943135227.png,raw,1,1054,361.86,0.0002
943135227.png,remove_small,1,1054,361.86,0.0247
943939310.png,raw,1,842,289.08,0.0001
943939310.png,raw,2,699,239.98,0.0001
943939310.png,raw,3,683,234.49,0.0001
943939310.png,raw,4,955,327.87,0.0001
943939310.png,raw,5,738,253.37,0.0001
943939310.png,raw,6,1720,590.52,0.0001
943939310.png,raw,7,1314,451.13,0.0001
943939310.png,remove_small,1,842,289.08,0.0269
943939310.png,remove_small,2,699,239.98,0.0269
943939310.png,remove_small,3,683,234.49,0.0269
943939310.png,remove_small,4,955,327.87,0.0269
943939310.png,remove_small,5,738,253.37,0.0269
943939310.png,remove_small,6,1720,590.52,0.0269
943939310.png,remove_small,7,1314,451.13,0.0269
944594681.png,raw,1,40,13.73,0.0002
944594681.png,raw,2,393,134.93,0.0002
944594681.png,remove_small,1,393,134.93,0.0253
944960289.png,raw,1,229,78.62,0.0001
944960289.png,raw,2,721,247.54,0.0001
944960289.png,raw,3,142,48.75,0.0001
944960289.png,raw,4,546,187.45,0.0001
944960289.png,remove_small,1,229,78.62,0.0287
944960289.png,remove_small,2,721,247.54,0.0287
944960289.png,remove_small,3,142,48.75,0.0287
944960289.png,remove_small,4,546,187.45,0.0287
945346148.png,raw,1,89,30.56,0.0002
945346148.png,raw,2,7,2.4,0.0002
945346148.png,raw,3,32,10.99,0.0002
945346149.png,raw,1,252,86.52,0.0001
945346149.png,raw,2,1,0.34,0.0001
945346149.png,raw,3,90,30.9,0.0001
945346149.png,raw,4,135,46.35,0.0001
945346149.png,raw,5,218,74.84,0.0001
945346149.png,raw,6,185,63.51,0.0001
945346149.png,remove_small,1,252,86.52,0.0265
945346149.png,remove_small,2,135,46.35,0.0265
945346149.png,remove_small,3,218,74.84,0.0265
945346149.png,remove_small,4,185,63.51,0.0265
946209522.png,raw,1,854,293.2,0.0002
946209522.png,raw,2,138,47.38,0.0002
946209522.png,raw,3,626,214.92,0.0002
946209522.png,remove_small,1,854,293.2,0.0242
946209522.png,remove_small,2,138,47.38,0.0242
946209522.png,remove_small,3,626,214.92,0.0242
946545893.png,raw,1,2340,803.38,0.0001
946545893.png,raw,2,2444,839.08,0.0001
946545893.png,remove_small,1,2340,803.38,0.027
946545893.png,remove_small,2,2444,839.08,0.027
946710698.png,raw,1,528,181.27,0.0001
946710698.png,raw,2,517,177.5,0.0001
946710698.png,remove_small,1,528,181.27,0.0263
946710698.png,remove_small,2,517,177.5,0.0263
946916743.png,raw,1,1360,466.92,0.0002
946916743.png,raw,2,1686,578.84,0.0002
946916743.png,raw,3,357,122.57,0.0002
946916743.png,remove_small,1,1360,466.92,0.0244
946916743.png,remove_small,2,1686,578.84,0.0244
946916743.png,remove_small,3,357,122.57,0.0244
947118608.png,raw,1,2315,794.79,0.0002
947118608.png,raw,2,1876,644.07,0.0002
947118608.png,remove_small,1,2315,794.79,0.0266
947118608.png,remove_small,2,1876,644.07,0.0266
947123047.png,raw,1,1190,408.55,0.0001
947123047.png,raw,2,1139,391.04,0.0001
947123047.png,raw,3,1006,345.38,0.0001
947123047.png,remove_small,1,1190,408.55,0.0276
947123047.png,remove_small,2,1139,391.04,0.0276
947123047.png,remove_small,3,1006,345.38,0.0276
947787375.png,raw,1,664,227.97,0.0001
947787375.png,raw,2,774,265.73,0.0001
947787375.png,raw,3,624,214.23,0.0001
947787375.png,raw,4,643,220.76,0.0001
947787375.png,remove_small,1,664,227.97,0.026
947787375.png,remove_small,2,774,265.73,0.026
947787375.png,remove_small,3,624,214.23,0.026
947787375.png,remove_small,4,643,220.76,0.026
947801636.png,raw,1,578,198.44,0.0002
947801636.png,raw,2,1782,611.8,0.0002
947801636.png,raw,3,2065,708.96,0.0002
947801636.png,raw,4,2149,737.8,0.0002
947801636.png,raw,5,2115,726.13,0.0002
947801636.png,remove_small,1,578,198.44,0.025
947801636.png,remove_small,2,1782,611.8,0.025
947801636.png,remove_small,3,2065,708.96,0.025
947801636.png,remove_small,4,2149,737.8,0.025
947801636.png,remove_small,5,2115,726.13,0.025
948042829.png,raw,1,1500,514.98,0.0001
948042829.png,remove_small,1,1500,514.98,0.0246
948170475.png,raw,1,998,342.64,0.0001
948170475.png,raw,2,1026,352.25,0.0001
948170475.png,raw,3,950,326.16,0.0001
948170475.png,remove_small,1,998,342.64,0.0244
948170475.png,remove_small,2,1026,352.25,0.0244
948170475.png,remove_small,3,950,326.16,0.0244
94826451.png,raw,1,131,44.98,0.0002
94826451.png,raw,2,428,146.94,0.0002
94826451.png,remove_small,1,131,44.98,0.0244
94826451.png,remove_small,2,428,146.94,0.0244
948340533.png,raw,1,779,267.45,0.0002
948340533.png,raw,2,894,306.93,0.0002
948340533.png,remove_small,1,779,267.45,0.0237
948340533.png,remove_small,2,894,306.93,0.0237
948341123.png,raw,1,452,155.18,0.0001
948341123.png,remove_small,1,452,155.18,0.0238
95031686.png,raw,1,257,88.23,0.0001
95031686.png,raw,2,295,101.28,0.0001
95031686.png,remove_small,1,257,88.23,0.025
95031686.png,remove_small,2,295,101.28,0.025
95031687.png,raw,1,602,206.68,0.0002
95031687.png,remove_small,1,602,206.68,0.0239
95179399.png,raw,1,731,250.97,0.0002
95179399.png,remove_small,1,731,250.97,0.0244
952346321.png,raw,1,592,203.25,0.0001
952346321.png,raw,2,1570,539.02,0.0001
952346321.png,remove_small,1,592,203.25,0.0244
952346321.png,remove_small,2,1570,539.02,0.0244
952346322.png,raw,1,1638,562.36,0.0001
952346322.png,raw,2,1106,379.71,0.0001
952346322.png,raw,3,128,43.95,0.0001
952346322.png,remove_small,1,1638,562.36,0.0245
952346322.png,remove_small,2,1106,379.71,0.0245
952346322.png,remove_small,3,128,43.95,0.0245
95250413.png,raw,1,366,125.66,0.0001
95250413.png,raw,2,352,120.85,0.0001
95250413.png,raw,3,247,84.8,0.0001
95250413.png,remove_small,1,366,125.66,0.0248
95250413.png,remove_small,2,352,120.85,0.0248
95250413.png,remove_small,3,247,84.8,0.0248
952594481.png,raw,1,610,209.43,0.0002
952594481.png,raw,2,809,277.75,0.0002
952594481.png,raw,3,1184,406.49,0.0002
952594481.png,remove_small,1,610,209.43,0.0258
952594481.png,remove_small,2,809,277.75,0.0258
952594481.png,remove_small,3,1184,406.49,0.0258
952594482.png,raw,1,592,203.25,0.0002
952594482.png,raw,2,36,12.36,0.0002
952594482.png,raw,3,13,4.46,0.0002
952594482.png,raw,4,1834,629.65,0.0002
952594482.png,raw,5,346,118.79,0.0002
952594482.png,remove_small,1,592,203.25,0.0278
952594482.png,remove_small,2,1834,629.65,0.0278
952594482.png,remove_small,3,346,118.79,0.0278
952961046.png,raw,1,1555,533.87,0.0001
952961046.png,raw,2,298,102.31,0.0001
952961046.png,remove_small,1,1555,533.87,0.0243
952961046.png,remove_small,2,298,102.31,0.0243
953015049.png,raw,1,1717,589.49,0.0002
953015049.png,raw,2,1803,619.01,0.0002
953015049.png,remove_small,1,1717,589.49,0.0253
953015049.png,remove_small,2,1803,619.01,0.0253
9532864.png,raw,1,186,63.86,0.0001
9532864.png,raw,2,193,66.26,0.0001
9532864.png,remove_small,1,186,63.86,0.0245
9532864.png,remove_small,2,193,66.26,0.0245
95346117.png,raw,1,416,142.82,0.0002
95346117.png,raw,2,349,119.82,0.0002
95346117.png,remove_small,1,416,142.82,0.0251
95346117.png,remove_small,2,349,119.82,0.0251
95346118.png,raw,1,33,11.33,0.0001
95346118.png,raw,2,371,127.37,0.0001
95346118.png,remove_small,1,371,127.37,0.0244
954073727.png,raw,1,506,173.72,0.0001
954073727.png,remove_small,1,506,173.72,0.0252
954175160.png,raw,1,1418,486.83,0.0001
954175160.png,remove_small,1,1418,486.83,0.0247
954305865.png,raw,1,787,270.2,0.0002
954305865.png,remove_small,1,787,270.2,0.0249
954305866.png,raw,1,1434,492.32,0.0002
954305866.png,raw,2,1021,350.53,0.0002
954305866.png,remove_small,1,1434,492.32,0.024
954305866.png,remove_small,2,1021,350.53,0.024
95434457.png,raw,1,7,2.4,0.0002
95434457.png,raw,2,22,7.55,0.0002
95434457.png,raw,3,769,264.02,0.0002
95434457.png,remove_small,1,769,264.02,0.0242
95436853.png,raw,1,727,249.6,0.0001
95436853.png,raw,2,802,275.34,0.0001
95436853.png,remove_small,1,727,249.6,0.0271
95436853.png,remove_small,2,802,275.34,0.0271
954971276.png,raw,1,915,314.14,0.0002
954971276.png,raw,2,1047,359.46,0.0002
954971276.png,remove_small,1,915,314.14,0.0259
954971276.png,remove_small,2,1047,359.46,0.0259
955268863.png,raw,1,646,221.79,0.0001
955268863.png,raw,2,1783,612.14,0.0001
955268863.png,raw,3,1421,487.86,0.0001
955268863.png,raw,4,5,1.72,0.0001
955268863.png,raw,5,638,219.04,0.0001
955268863.png,raw,6,1511,518.76,0.0001
955268863.png,raw,7,1607,551.72,0.0001
955268863.png,remove_small,1,646,221.79,0.0266
955268863.png,remove_small,2,1783,612.14,0.0266
955268863.png,remove_small,3,1421,487.86,0.0266
955268863.png,remove_small,4,638,219.04,0.0266
955268863.png,remove_small,5,1511,518.76,0.0266
955268863.png,remove_small,6,1607,551.72,0.0266
955268864.png,raw,1,680,233.46,0.0001
955268864.png,raw,2,1856,637.21,0.0001
955268864.png,raw,3,1780,611.11,0.0001
955268864.png,raw,4,1966,674.97,0.0001
955268864.png,raw,5,1873,643.04,0.0001
955268864.png,remove_small,1,680,233.46,0.0274
955268864.png,remove_small,2,1856,637.21,0.0274
955268864.png,remove_small,3,1780,611.11,0.0274
955268864.png,remove_small,4,1966,674.97,0.0274
955268864.png,remove_small,5,1873,643.04,0.0274
95589003.png,raw,1,284,97.5,0.0002
95589003.png,remove_small,1,284,97.5,0.0279
957410924.png,raw,1,110,37.77,0.0001
957410924.png,raw,2,707,242.73,0.0001
957410924.png,remove_small,1,110,37.77,0.0254
957410924.png,remove_small,2,707,242.73,0.0254
957746797.png,raw,1,1671,573.69,0.0001
957746797.png,raw,2,2403,825.0,0.0001
957746797.png,raw,3,117,40.17,0.0001
957746797.png,raw,4,2217,761.15,0.0001
957746797.png,raw,5,1181,405.46,0.0001
957746797.png,remove_small,1,1671,573.69,0.0274
957746797.png,remove_small,2,2403,825.0,0.0274
957746797.png,remove_small,3,117,40.17,0.0274
957746797.png,remove_small,4,2217,761.15,0.0274
957746797.png,remove_small,5,1181,405.46,0.0274
95816210.png,raw,1,549,188.48,0.0001
95816210.png,remove_small,1,549,188.48,0.0251
95832925.png,raw,1,474,162.73,0.0001
95832925.png,raw,2,215,73.81,0.0001
95832925.png,remove_small,1,474,162.73,0.0249
95832925.png,remove_small,2,215,73.81,0.0249
95835829.png,raw,1,400,137.33,0.0001
95835829.png,remove_small,1,400,137.33,0.025
95839670.png,raw,1,466,159.99,0.0001
95839670.png,raw,2,260,89.26,0.0001
95839670.png,remove_small,1,466,159.99,0.0241
95839670.png,remove_small,2,260,89.26,0.0241
95841598.png,raw,1,264,90.64,0.0001
95841598.png,raw,2,7,2.4,0.0001
95841598.png,raw,3,16,5.49,0.0001
95841598.png,raw,4,334,114.67,0.0001
95841598.png,raw,5,542,186.08,0.0001
95841598.png,remove_small,1,264,90.64,0.025
95841598.png,remove_small,2,334,114.67,0.025
95841598.png,remove_small,3,542,186.08,0.025
95841638.png,raw,1,944,324.1,0.0002
95841638.png,remove_small,1,944,324.1,0.0268
96109041.png,raw,1,1389,476.88,0.0002
96109041.png,remove_small,1,1389,476.88,0.0256
96110277.png,raw,1,72,24.72,0.0002
96238579.png,raw,1,207,71.07,0.0001
96238579.png,remove_small,1,207,71.07,0.0257
96268476.png,raw,1,138,47.38,0.0001
96268476.png,raw,2,303,104.03,0.0001
96268476.png,remove_small,1,138,47.38,0.0241
96268476.png,remove_small,2,303,104.03,0.0241
96494049.png,raw,1,80,27.47,0.0001
96940341.png,raw,1,267,91.67,0.0002
96940341.png,raw,2,305,104.71,0.0002
96940341.png,remove_small,1,267,91.67,0.0246
96940341.png,remove_small,2,305,104.71,0.0246
97169050.png,raw,1,390,133.9,0.0001
97169050.png,raw,2,371,127.37,0.0001
97169050.png,remove_small,1,390,133.9,0.0248
97169050.png,remove_small,2,371,127.37,0.0248
97487131.png,raw,1,574,197.07,0.0001
97487131.png,remove_small,1,574,197.07,0.0306
975504695.png,raw,1,638,219.04,0.0002
975504695.png,raw,2,524,179.9,0.0002
975504695.png,remove_small,1,638,219.04,0.027
975504695.png,remove_small,2,524,179.9,0.027
97597296.png,raw,1,455,156.21,0.0001
97597296.png,raw,2,387,132.87,0.0001
97597296.png,remove_small,1,455,156.21,0.0271
97597296.png,remove_small,2,387,132.87,0.0271
97841543.png,raw,1,562,192.95,0.0002
97841543.png,remove_small,1,562,192.95,0.0254
97857512.png,raw,1,66,22.66,0.0001
97857512.png,raw,2,243,83.43,0.0001
97857512.png,remove_small,1,243,83.43,0.025
97877386.png,raw,1,23,7.9,0.0001
97877386.png,raw,2,109,37.42,0.0001
97877386.png,remove_small,1,109,37.42,0.0243
97949456.png,raw,1,429,147.29,0.0002
97949456.png,raw,2,526,180.59,0.0002
97949456.png,raw,3,360,123.6,0.0002
97949456.png,remove_small,1,429,147.29,0.0313
97949456.png,remove_small,2,526,180.59,0.0313
97949456.png,remove_small,3,360,123.6,0.0313
979801144.png,raw,1,572,196.38,0.0001
979801144.png,raw,2,101,34.68,0.0001
979801144.png,raw,3,452,155.18,0.0001
979801144.png,raw,4,374,128.4,0.0001
979801144.png,raw,5,478,164.11,0.0001
979801144.png,raw,6,413,141.79,0.0001
979801144.png,remove_small,1,572,196.38,0.0267
979801144.png,remove_small,2,101,34.68,0.0267
979801144.png,remove_small,3,452,155.18,0.0267
979801144.png,remove_small,4,374,128.4,0.0267
979801144.png,remove_small,5,478,164.11,0.0267
979801144.png,remove_small,6,413,141.79,0.0267
982792921.png,raw,1,336,115.36,0.0001
982792921.png,raw,2,291,99.91,0.0001
982792921.png,remove_small,1,336,115.36,0.0277
982792921.png,remove_small,2,291,99.91,0.0277
983546304.png,raw,1,436,149.69,0.0002
983546304.png,raw,2,280,96.13,0.0002
983546304.png,remove_small,1,436,149.69,0.0278
983546304.png,remove_small,2,280,96.13,0.0278
987551444.png,raw,1,439,150.72,0.0002
987551444.png,remove_small,1,439,150.72,0.0243
988264915.png,raw,1,1362,467.61,0.0002
988264915.png,remove_small,1,1362,467.61,0.0243
989023390.png,raw,1,873,299.72,0.0001
989023390.png,remove_small,1,873,299.72,0.0253
99146059.png,raw,1,410,140.76,0.0001
99146059.png,remove_small,1,410,140.76,0.0278
99152847.png,raw,1,19,6.52,0.0002
99152847.png,raw,2,234,80.34,0.0002
99152847.png,raw,3,187,64.2,0.0002
99152847.png,remove_small,1,234,80.34,0.0286
99152847.png,remove_small,2,187,64.2,0.0286
99175760.png,raw,1,148,50.81,0.0002
99175760.png,raw,2,409,140.42,0.0002
99175760.png,remove_small,1,148,50.81,0.0269
99175760.png,remove_small,2,409,140.42,0.0269
99350334.png,raw,1,212,72.78,0.0002
99350334.png,raw,2,485,166.51,0.0002
99350334.png,remove_small,1,212,72.78,0.0284
99350334.png,remove_small,2,485,166.51,0.0284
99465198.png,raw,1,238,81.71,0.0001
99465198.png,raw,2,359,123.25,0.0001
99465198.png,remove_small,1,238,81.71,0.024
99465198.png,remove_small,2,359,123.25,0.024
995514528.png,raw,1,960,329.59,0.0002
995514528.png,raw,2,1231,422.63,0.0002
995514528.png,remove_small,1,960,329.59,0.025
995514528.png,remove_small,2,1231,422.63,0.025
995977679.png,raw,1,322,110.55,0.0001
995977679.png,raw,2,490,168.23,0.0001
995977679.png,remove_small,1,322,110.55,0.0248
995977679.png,remove_small,2,490,168.23,0.0248
996253737.png,raw,1,31,10.64,0.0001
998116826.png,raw,1,421,144.54,0.0001
998116826.png,raw,2,480,164.79,0.0001
998116826.png,raw,3,611,209.77,0.0001
998116826.png,raw,4,565,193.98,0.0001
998116826.png,remove_small,1,421,144.54,0.0262
998116826.png,remove_small,2,480,164.79,0.0262
998116826.png,remove_small,3,611,209.77,0.0262
998116826.png,remove_small,4,565,193.98,0.0262
